ticker,timestamp,avg(sentiment),timekey
GME,2021-10-31 02:48:20,0.020939999999999997,2726080
GME,2021-10-31 02:51:21,0.33926470588235297,2726081
GME,2021-10-31 03:03:52,0.3751583333333334,2726082
GME,2021-10-31 03:10:07,0.18159047619047616,2726083
GME,2021-10-31 03:20:05,-0.01436874999999999,2726084
GME,2021-10-31 03:30:34,0.19618571428571427,2726085
GME,2021-10-31 03:41:58,0.16483000000000003,2726086
GME,2021-10-31 03:50:05,0.18573076923076925,2726087
GME,2021-10-31 04:00:11,0.19566249999999996,2726088
GME,2021-10-31 04:11:02,0.04871578947368422,2726089
GME,2021-10-31 04:20:54,0.09913636363636359,2726090
GME,2021-10-31 04:31:26,0.14312307692307694,2726091
GME,2021-10-31 04:40:51,0.1104181818181818,2726092
GME,2021-10-31 04:50:17,0.11224117647058823,2726093
GME,2021-10-31 05:00:19,-0.15787,2726094
GME,2021-10-31 05:10:04,0.1736909090909091,2726095
GME,2021-10-31 05:20:58,0.07298666666666666,2726096
GME,2021-10-31 05:32:29,-0.0005090909090909136,2726097
GME,2021-10-31 05:40:14,0.09902000000000002,2726098
GME,2021-10-31 05:50:24,0.10778461538461538,2726099
GME,2021-10-31 06:01:03,0.32631666666666664,2726100
GME,2021-10-31 06:10:56,0.21721666666666664,2726101
GME,2021-10-31 06:21:04,0.047506666666666676,2726102
GME,2021-10-31 06:30:59,0.261276923076923,2726103
GME,2021-10-31 06:40:00,-0.014241666666666672,2726104
GME,2021-10-31 06:50:51,0.50152,2726105
GME,2021-10-31 07:00:30,-0.16228749999999997,2726106
GME,2021-10-31 07:10:28,0.19039999999999999,2726107
GME,2021-10-31 07:22:22,-0.0726666666666667,2726108
GME,2021-10-31 07:31:08,-0.012276923076923083,2726109
GME,2021-10-31 07:41:51,0.36025833333333335,2726110
GME,2021-10-31 07:50:06,0.09778461538461537,2726111
GME,2021-10-31 08:01:55,0.3757666666666667,2726112
GME,2021-10-31 08:11:21,0.38989999999999997,2726113
GME,2021-10-31 08:21:06,0.1447,2726114
GME,2021-10-31 08:31:41,0.10984285714285714,2726115
GME,2021-10-31 08:40:40,0.09323999999999999,2726116
GME,2021-10-31 08:52:11,-0.21305999999999997,2726117
GME,2021-10-31 09:01:03,-0.06700909090909091,2726118
GME,2021-10-31 09:10:06,0.17926000000000003,2726119
GME,2021-10-31 09:21:56,0.21636000000000002,2726120
GME,2021-10-31 09:31:08,0.4617615384615385,2726121
GME,2021-10-31 09:40:36,0.04814,2726122
GME,2021-10-31 09:51:08,0.20344285714285712,2726123
GME,2021-10-31 10:00:02,0.15312666666666666,2726124
GME,2021-10-31 10:10:49,0.5161846153846154,2726125
GME,2021-10-31 10:20:02,0.11746250000000001,2726126
GME,2021-10-31 10:31:40,0.4399799999999999,2726127
GME,2021-10-31 10:41:33,0.51054,2726128
GME,2021-10-31 10:50:06,0.1214909090909091,2726129
GME,2021-10-31 11:01:54,0.13352727272727272,2726130
GME,2021-10-31 11:10:01,0.2116,2726131
GME,2021-10-31 11:20:28,0.2243375,2726132
GME,2021-10-31 11:31:54,0.08219000000000001,2726133
GME,2021-10-31 11:40:07,0.21137499999999995,2726134
GME,2021-10-31 11:51:00,0.08682727272727274,2726135
GME,2021-10-31 12:00:31,0.28736363636363643,2726136
GME,2021-10-31 12:11:23,0.27808666666666665,2726137
GME,2021-10-31 12:20:02,0.368925,2726138
GME,2021-10-31 12:30:27,0.20203043478260874,2726139
GME,2021-10-31 12:40:03,0.39739411764705895,2726140
GME,2021-10-31 12:50:08,0.03900769230769231,2726141
GME,2021-10-31 13:00:10,0.3587,2726142
GME,2021-10-31 13:10:34,-0.08540000000000002,2726143
GME,2021-10-31 13:20:27,0.01826,2726144
GME,2021-10-31 13:30:10,0.03569444444444444,2726145
GME,2021-10-31 13:40:16,0.23576363636363631,2726146
GME,2021-10-31 13:50:51,0.3099235294117647,2726147
GME,2021-10-31 14:00:27,0.16307,2726148
GME,2021-10-31 14:10:00,0.15075,2726149
GME,2021-10-31 14:20:04,0.1723681818181818,2726150
GME,2021-10-31 14:30:18,0.029057894736842085,2726151
GME,2021-10-31 14:40:20,0.06003928571428572,2726152
GME,2021-10-31 14:50:24,0.48590799999999995,2726153
GME,2021-10-31 15:00:43,0.30999166666666667,2726154
GME,2021-10-31 15:10:43,0.08334137931034483,2726155
GME,2021-10-31 15:20:51,0.04876,2726156
GME,2021-10-31 15:30:11,0.2888588235294118,2726157
GME,2021-10-31 15:40:19,0.21532758620689657,2726158
GME,2021-10-31 15:50:05,0.31416111111111117,2726159
GME,2021-10-31 16:00:06,0.41359512195121967,2726160
GME,2021-10-31 16:10:15,0.3082185185185185,2726161
GME,2021-10-31 16:20:09,0.1387876923076923,2726162
GME,2021-10-31 16:30:01,0.2207576923076924,2726163
GME,2021-10-31 16:40:17,0.3342883333333334,2726164
GME,2021-10-31 16:50:05,0.3218407407407408,2726165
GME,2021-10-31 17:00:00,0.2575188679245283,2726166
GME,2021-10-31 17:10:08,0.19291250000000001,2726167
GME,2021-10-31 17:20:26,0.3337769230769231,2726168
GME,2021-10-31 17:31:00,0.266712,2726169
GME,2021-10-31 17:40:14,0.3351311111111111,2726170
GME,2021-10-31 17:50:15,0.2484365853658536,2726171
GME,2021-10-31 18:00:04,0.2816763636363637,2726172
GME,2021-10-31 18:10:02,0.1756767441860465,2726173
GME,2021-10-31 18:20:43,0.31942195121951217,2726174
GME,2021-10-31 18:30:53,0.3331631578947368,2726175
GME,2021-10-31 18:40:16,0.19631315789473688,2726176
GME,2021-10-31 18:50:10,-0.06093142857142859,2726177
GME,2021-10-31 19:00:09,0.14161956521739133,2726178
GME,2021-10-31 19:10:00,0.2834900000000001,2726179
GME,2021-10-31 19:20:17,0.1709166666666667,2726180
GME,2021-10-31 19:30:10,0.162844,2726181
GME,2021-10-31 19:40:21,0.18604444444444448,2726182
GME,2021-10-31 19:50:10,-0.0028696969696969735,2726183
GME,2021-10-31 20:00:07,0.11305813953488371,2726184
GME,2021-10-31 20:10:27,0.23608846153846158,2726185
GME,2021-10-31 20:20:18,0.37768275862068973,2726186
GME,2021-10-31 20:30:07,0.23249444444444448,2726187
GME,2021-10-31 20:40:45,0.13519166666666665,2726188
GME,2021-10-31 20:51:46,0.07439032258064518,2726189
GME,2021-10-31 21:00:04,0.19565937500000002,2726190
GME,2021-10-31 21:10:42,0.13311379310344829,2726191
GME,2021-10-31 21:20:01,0.03968461538461537,2726192
GME,2021-10-31 21:30:08,0.29018611111111114,2726193
GME,2021-10-31 21:40:46,0.2938541666666667,2726194
GME,2021-10-31 21:50:00,0.24503823529411772,2726195
GME,2021-10-31 22:00:06,0.05653461538461539,2726196
GME,2021-10-31 22:10:26,0.1748,2726197
GME,2021-10-31 22:20:28,0.11333103448275862,2726198
GME,2021-10-31 22:30:03,0.24017368421052632,2726199
GME,2021-10-31 22:40:44,0.3239739130434783,2726200
GME,2021-10-31 22:50:03,0.27386,2726201
GME,2021-10-31 23:00:00,0.24001052631578948,2726202
GME,2021-10-31 23:10:19,0.31504583333333336,2726203
GME,2021-10-31 23:20:49,0.2420678571428571,2726204
GME,2021-10-31 23:31:06,0.16607368421052637,2726205
GME,2021-10-31 23:40:11,0.14164166666666667,2726206
GME,2021-10-31 23:50:18,0.3289178571428571,2726207
GME,2021-11-01 00:00:07,0.35744347826086953,2726208
GME,2021-11-01 00:10:19,0.17164761904761902,2726209
GME,2021-11-01 00:20:48,0.0908391304347826,2726210
GME,2021-11-01 00:30:11,0.268975,2726211
GME,2021-11-01 00:41:02,0.1732521739130435,2726212
GME,2021-11-01 00:50:09,0.03634583333333335,2726213
GME,2021-11-01 01:00:12,0.19743076923076924,2726214
GME,2021-11-01 01:10:07,0.18566538461538462,2726215
GME,2021-11-01 01:20:12,0.19085277777777776,2726216
GME,2021-11-01 01:30:00,0.13662608695652176,2726217
GME,2021-11-01 01:41:42,0.299795,2726218
GME,2021-11-01 01:50:14,-0.02848823529411764,2726219
GME,2021-11-01 02:00:27,0.24602222222222228,2726220
GME,2021-11-01 02:10:02,0.18987352941176466,2726221
GME,2021-11-01 02:20:45,0.3055647058823529,2726222
GME,2021-11-01 02:30:08,0.07165238095238095,2726223
GME,2021-11-01 02:40:16,0.3222388888888889,2726224
GME,2021-11-01 02:50:22,0.47433333333333333,2726225
GME,2021-11-01 03:00:28,0.06941428571428572,2726226
GME,2021-11-01 03:10:01,0.04920999999999998,2726227
GME,2021-11-01 03:20:26,0.348225,2726228
GME,2021-11-01 03:30:05,0.049525000000000007,2726229
GME,2021-11-01 03:40:19,0.12936666666666663,2726230
GME,2021-11-01 03:50:40,0.07584285714285713,2726231
GME,2021-11-01 04:00:03,0.11435599999999999,2726232
GME,2021-11-01 04:11:04,0.09910909090909091,2726233
GME,2021-11-01 04:20:13,0.17514375,2726234
GME,2021-11-01 04:30:07,0.3047789473684211,2726235
GME,2021-11-01 04:42:52,0.34535833333333343,2726236
GME,2021-11-01 04:51:13,0.3990375000000001,2726237
GME,2021-11-01 05:00:00,-0.011435294117647054,2726238
GME,2021-11-01 05:10:34,0.22206666666666663,2726239
GME,2021-11-01 05:20:01,0.19685833333333333,2726240
GME,2021-11-01 05:30:08,0.17215833333333333,2726241
GME,2021-11-01 05:40:35,0.18047333333333335,2726242
GME,2021-11-01 05:50:18,0.06187391304347827,2726243
GME,2021-11-01 06:00:09,0.026794117647058826,2726244
GME,2021-11-01 06:10:04,0.08560555555555555,2726245
GME,2021-11-01 06:20:27,0.38271904761904757,2726246
GME,2021-11-01 06:30:22,0.2981684210526316,2726247
GME,2021-11-01 06:40:02,0.09915714285714285,2726248
GME,2021-11-01 06:50:54,0.20116363636363638,2726249
GME,2021-11-01 07:00:21,0.19846,2726250
GME,2021-11-01 07:11:42,0.11256250000000001,2726251
GME,2021-11-01 07:24:39,0.3630375,2726252
GME,2021-11-01 07:30:06,0.2555166666666666,2726253
GME,2021-11-01 07:41:13,0.17499285714285714,2726254
GME,2021-11-01 07:51:44,0.23209999999999997,2726255
GME,2021-11-01 08:02:27,0.20055000000000003,2726256
GME,2021-11-01 08:12:02,0.40826666666666667,2726257
GME,2021-11-01 08:21:47,0.662525,2726258
GME,2021-11-01 08:30:03,0.5235266666666667,2726259
GME,2021-11-01 08:40:10,0.15030999999999994,2726260
GME,2021-11-01 08:50:31,0.26081538461538456,2726261
GME,2021-11-01 09:01:26,0.17877500000000002,2726262
GME,2021-11-01 09:10:27,0.29392777777777773,2726263
GME,2021-11-01 09:22:25,0.5060399999999999,2726264
GME,2021-11-01 09:30:09,-0.004237500000000005,2726265
GME,2021-11-01 09:40:20,0.3677749999999999,2726266
GME,2021-11-01 09:51:49,0.21503684210526317,2726267
GME,2021-11-01 10:00:04,0.33288125,2726268
GME,2021-11-01 10:10:27,0.11754545454545454,2726269
GME,2021-11-01 10:21:04,0.17924999999999996,2726270
GME,2021-11-01 10:30:58,0.49840909090909097,2726271
GME,2021-11-01 10:40:21,0.23388823529411765,2726272
GME,2021-11-01 10:50:42,0.3977769230769231,2726273
GME,2021-11-01 11:00:19,0.31412352941176475,2726274
GME,2021-11-01 11:11:31,0.1469652173913044,2726275
GME,2021-11-01 11:20:10,0.1994576923076923,2726276
GME,2021-11-01 11:31:37,0.004472,2726277
GME,2021-11-01 11:42:19,0.2934875,2726278
GME,2021-11-01 11:50:18,0.21011052631578947,2726279
GME,2021-11-01 12:00:30,0.3704117647058824,2726280
GME,2021-11-01 12:10:21,0.08985416666666667,2726281
GME,2021-11-01 12:20:00,0.21730882352941175,2726282
GME,2021-11-01 12:30:04,0.18776875,2726283
GME,2021-11-01 12:40:04,0.25417666666666666,2726284
GME,2021-11-01 12:51:05,0.17397727272727273,2726285
GME,2021-11-01 13:00:01,0.21953928571428571,2726286
GME,2021-11-01 13:10:06,0.11899999999999998,2726287
GME,2021-11-01 13:20:04,0.1481674418604651,2726288
GME,2021-11-01 13:30:17,0.25699487179487185,2726289
GME,2021-11-01 13:40:06,0.18983043478260866,2726290
GME,2021-11-01 13:50:13,0.061458823529411774,2726291
GME,2021-11-01 14:00:13,0.18551702127659575,2726292
GME,2021-11-01 14:10:09,0.07094117647058823,2726293
GME,2021-11-01 14:20:01,0.06750428571428571,2726294
GME,2021-11-01 14:30:00,0.0879073529411765,2726295
GME,2021-11-01 14:40:16,0.20383170731707306,2726296
GME,2021-11-01 14:50:11,0.17624067796610168,2726297
GME,2021-11-01 15:00:13,0.12663606557377055,2726298
GME,2021-11-01 15:10:08,0.1379265306122449,2726299
GME,2021-11-01 15:20:22,0.17614035087719296,2726300
GME,2021-11-01 15:30:06,0.24984791666666664,2726301
GME,2021-11-01 15:40:09,0.09648409090909094,2726302
GME,2021-11-01 15:50:07,0.2719927536231884,2726303
GME,2021-11-01 16:00:01,0.1710088888888889,2726304
GME,2021-11-01 16:10:05,0.27405555555555566,2726305
GME,2021-11-01 16:20:03,0.07950892857142858,2726306
GME,2021-11-01 16:30:03,0.28827045454545464,2726307
GME,2021-11-01 16:40:02,0.07299661016949152,2726308
GME,2021-11-01 16:50:09,0.22456969696969692,2726309
GME,2021-11-01 17:00:01,0.08780620689655169,2726310
GME,2021-11-01 17:10:14,0.05449689922480621,2726311
GME,2021-11-01 17:20:01,0.17349752066115712,2726312
GME,2021-11-01 17:30:15,0.07150681818181817,2726313
GME,2021-11-01 17:40:00,0.21696262626262625,2726314
GME,2021-11-01 17:50:07,0.07970422535211269,2726315
GME,2021-11-01 18:00:08,0.1286787878787879,2726316
GME,2021-11-01 18:10:06,0.16848219178082194,2726317
GME,2021-11-01 18:20:07,0.29192033898305075,2726318
GME,2021-11-01 18:30:10,0.10097627118644066,2726319
GME,2021-11-01 18:40:00,0.0992071428571428,2726320
GME,2021-11-01 18:50:03,0.14642692307692307,2726321
GME,2021-11-01 19:00:06,0.020017142857142862,2726322
GME,2021-11-01 19:10:12,0.15668275862068964,2726323
GME,2021-11-01 19:20:30,0.14958448275862057,2726324
GME,2021-11-01 19:30:06,0.08403913043478262,2726325
GME,2021-11-01 19:40:02,0.21679411764705875,2726326
GME,2021-11-01 19:50:20,0.03952280701754386,2726327
GME,2021-11-01 20:00:03,0.05733396226415095,2726328
GME,2021-11-01 20:10:08,0.07783999999999998,2726329
GME,2021-11-01 20:20:05,0.03269354838709679,2726330
GME,2021-11-01 20:30:10,0.019570491803278686,2726331
GME,2021-11-01 20:40:13,0.11741764705882356,2726332
GME,2021-11-01 20:50:01,0.07741666666666666,2726333
GME,2021-11-01 21:00:02,0.03572352941176473,2726334
GME,2021-11-01 21:10:05,0.13007000000000005,2726335
GME,2021-11-01 21:20:17,0.26885957446808517,2726336
GME,2021-11-01 21:30:08,0.16932641509433966,2726337
GME,2021-11-01 21:40:00,0.29381224489795915,2726338
GME,2021-11-01 21:50:04,0.40770799999999996,2726339
GME,2021-11-01 22:00:03,0.24849636363636365,2726340
GME,2021-11-01 22:10:07,0.16273617021276593,2726341
GME,2021-11-01 22:20:00,0.17673333333333333,2726342
GME,2021-11-01 22:30:12,0.19455476190476187,2726343
GME,2021-11-01 22:40:10,0.2158642857142857,2726344
GME,2021-11-01 22:50:16,0.18312363636363635,2726345
GME,2021-11-01 23:00:24,0.06606122448979591,2726346
GME,2021-11-01 23:10:20,0.15242272727272724,2726347
GME,2021-11-01 23:20:11,0.24962105263157905,2726348
GME,2021-11-01 23:30:08,0.054014285714285716,2726349
GME,2021-11-01 23:40:05,0.2687470588235294,2726350
GME,2021-11-01 23:50:17,0.13374523809523808,2726351
GME,2021-11-02 00:00:23,0.31451111111111113,2726352
GME,2021-11-02 00:10:42,0.17512173913043477,2726353
GME,2021-11-02 00:20:14,0.14042222222222223,2726354
GME,2021-11-02 00:30:01,0.2793975609756097,2726355
GME,2021-11-02 00:40:00,0.21827777777777777,2726356
GME,2021-11-02 00:50:02,0.15687547169811322,2726357
GME,2021-11-02 01:00:02,0.11597894736842107,2726358
GME,2021-11-02 01:10:14,0.2014558139534884,2726359
GME,2021-11-02 01:20:06,0.11630000000000003,2726360
GME,2021-11-02 01:30:14,0.1551679245283019,2726361
GME,2021-11-02 01:40:13,0.1207625,2726362
GME,2021-11-02 01:50:16,0.08320810810810812,2726363
GME,2021-11-02 02:00:05,0.19861315789473685,2726364
GME,2021-11-02 02:10:19,0.14994545454545455,2726365
GME,2021-11-02 02:20:07,0.2886599999999999,2726366
GME,2021-11-02 02:30:04,0.22816470588235294,2726367
GME,2021-11-02 02:40:18,0.24374081632653066,2726368
GME,2021-11-02 02:50:23,0.17152121212121207,2726369
GME,2021-11-02 03:00:17,0.15789714285714287,2726370
GME,2021-11-02 03:10:08,0.2399976190476191,2726371
GME,2021-11-02 03:20:10,0.30820000000000003,2726372
GME,2021-11-02 03:30:12,0.33815853658536577,2726373
GME,2021-11-02 03:40:23,0.18967352941176474,2726374
GME,2021-11-02 03:50:04,0.1579694444444445,2726375
GME,2021-11-02 04:00:17,0.18768484848484854,2726376
GME,2021-11-02 04:10:28,0.13821315789473684,2726377
GME,2021-11-02 04:20:02,0.18630740740740742,2726378
GME,2021-11-02 04:31:07,0.23534800000000003,2726379
GME,2021-11-02 04:41:01,0.16137857142857143,2726380
GME,2021-11-02 04:50:12,0.18190833333333334,2726381
GME,2021-11-02 05:00:38,0.15002857142857143,2726382
GME,2021-11-02 05:10:23,0.11878518518518522,2726383
GME,2021-11-02 05:20:27,0.5112818181818182,2726384
GME,2021-11-02 05:30:11,0.1602958333333333,2726385
GME,2021-11-02 05:40:31,0.4001105263157896,2726386
GME,2021-11-02 05:50:05,0.24833793103448285,2726387
GME,2021-11-02 06:00:45,0.23300384615384614,2726388
GME,2021-11-02 06:10:04,0.3300607142857142,2726389
GME,2021-11-02 06:21:00,0.31705714285714287,2726390
GME,2021-11-02 06:30:39,0.09221176470588234,2726391
GME,2021-11-02 06:40:30,0.08169166666666665,2726392
GME,2021-11-02 06:51:28,0.21187499999999995,2726393
GME,2021-11-02 07:00:28,0.45285882352941187,2726394
GME,2021-11-02 07:11:37,0.14749999999999996,2726395
GME,2021-11-02 07:20:54,0.10508333333333335,2726396
GME,2021-11-02 07:30:39,0.15198333333333336,2726397
GME,2021-11-02 07:42:13,0.21439166666666662,2726398
GME,2021-11-02 07:50:46,0.11042777777777776,2726399
GME,2021-11-02 08:01:45,0.42822499999999997,2726400
GME,2021-11-02 08:11:01,0.041023076923076926,2726401
GME,2021-11-02 08:21:33,0.09549411764705884,2726402
GME,2021-11-02 08:30:32,0.18782500000000005,2726403
GME,2021-11-02 08:43:27,0.3354533333333333,2726404
GME,2021-11-02 08:51:15,0.2942857142857143,2726405
GME,2021-11-02 09:00:35,0.06345333333333332,2726406
GME,2021-11-02 09:10:17,0.04595999999999998,2726407
GME,2021-11-02 09:20:06,0.28099333333333326,2726408
GME,2021-11-02 09:30:07,0.25220000000000004,2726409
GME,2021-11-02 09:40:18,0.3446470588235294,2726410
GME,2021-11-02 09:52:00,0.18793999999999994,2726411
GME,2021-11-02 10:01:10,0.14545263157894736,2726412
GME,2021-11-02 10:10:35,0.17659473684210528,2726413
GME,2021-11-02 10:20:17,0.05180476190476191,2726414
GME,2021-11-02 10:30:10,0.062259090909090924,2726415
GME,2021-11-02 10:40:43,0.17477500000000007,2726416
GME,2021-11-02 10:50:03,0.21952857142857138,2726417
GME,2021-11-02 11:00:06,0.1753095238095238,2726418
GME,2021-11-02 11:11:15,0.061238888888888905,2726419
GME,2021-11-02 11:20:25,0.2400148148148148,2726420
GME,2021-11-02 11:30:45,0.25600384615384614,2726421
GME,2021-11-02 11:41:06,0.2126846153846154,2726422
GME,2021-11-02 11:50:15,0.1933567567567568,2726423
GME,2021-11-02 12:00:05,0.11839375000000002,2726424
GME,2021-11-02 12:10:24,0.15327959183673462,2726425
GME,2021-11-02 12:20:36,0.09891956521739133,2726426
GME,2021-11-02 12:30:20,0.0859734693877551,2726427
GME,2021-11-02 12:40:05,0.17128709677419354,2726428
GME,2021-11-02 12:50:17,0.3185800000000002,2726429
GME,2021-11-02 13:00:01,0.23164893617021276,2726430
GME,2021-11-02 13:10:18,0.21216756756756758,2726431
GME,2021-11-02 13:20:01,0.27777714285714283,2726432
GME,2021-11-02 13:30:19,0.03584074074074074,2726433
GME,2021-11-02 13:40:23,0.12450754716981134,2726434
GME,2021-11-02 13:50:04,0.112746875,2726435
GME,2021-11-02 14:00:09,0.15303783783783786,2726436
GME,2021-11-02 14:10:11,0.14481071428571424,2726437
GME,2021-11-02 14:20:09,0.04091111111111111,2726438
GME,2021-11-02 14:30:36,0.10116794871794872,2726439
GME,2021-11-02 14:40:05,0.17959600000000003,2726440
GME,2021-11-02 14:50:39,0.12086507936507934,2726441
GME,2021-11-02 15:00:17,0.14520574712643672,2726442
GME,2021-11-02 15:10:06,0.027199029126213595,2726443
GME,2021-11-02 15:20:03,0.1346741176470588,2726444
GME,2021-11-02 15:30:15,0.13307741935483872,2726445
GME,2021-11-02 15:40:04,0.041298529411764706,2726446
GME,2021-11-02 15:50:01,0.19178133333333336,2726447
GME,2021-11-02 16:00:10,0.07444999999999999,2726448
GME,2021-11-02 16:10:01,0.08293275862068968,2726449
GME,2021-11-02 16:20:25,0.14497011494252873,2726450
GME,2021-11-02 16:30:09,-0.014990566037735839,2726451
GME,2021-11-02 16:40:14,0.17465199999999997,2726452
GME,2021-11-02 16:50:09,0.0746688524590164,2726453
GME,2021-11-02 17:00:48,0.15623703703703704,2726454
GME,2021-11-02 17:10:13,0.1180645161290323,2726455
GME,2021-11-02 17:20:04,0.11370000000000001,2726456
GME,2021-11-02 17:30:22,0.25464444444444445,2726457
GME,2021-11-02 17:40:00,0.15044047619047618,2726458
GME,2021-11-02 17:50:09,0.14688793103448278,2726459
GME,2021-11-02 18:00:14,0.0599936170212766,2726460
GME,2021-11-02 18:10:03,0.13456326530612245,2726461
GME,2021-11-02 18:20:15,0.08407111111111111,2726462
GME,2021-11-02 18:30:08,0.22563043478260864,2726463
GME,2021-11-02 18:40:09,0.19315500000000005,2726464
GME,2021-11-02 18:50:06,0.046171641791044805,2726465
GME,2021-11-02 19:00:07,0.05902641509433962,2726466
GME,2021-11-02 19:10:04,0.10386521739130437,2726467
GME,2021-11-02 19:20:00,0.1175891304347826,2726468
GME,2021-11-02 19:30:03,0.043931250000000005,2726469
GME,2021-11-02 19:40:00,0.20749800000000002,2726470
GME,2021-11-02 19:50:10,0.2740450980392157,2726471
GME,2021-11-02 20:00:14,0.18556153846153847,2726472
GME,2021-11-02 20:10:15,0.13436274509803922,2726473
GME,2021-11-02 20:20:01,0.14027916666666662,2726474
GME,2021-11-02 20:30:14,0.17264492753623184,2726475
GME,2021-11-02 20:40:05,0.010427380952380964,2726476
GME,2021-11-02 20:50:01,0.08486315789473683,2726477
GME,2021-11-02 21:00:02,0.039997600000000015,2726478
GME,2021-11-02 21:10:03,0.06710846153846155,2726479
GME,2021-11-02 21:20:00,0.07087642276422769,2726480
GME,2021-11-02 21:30:00,0.011804878048780502,2726481
GME,2021-11-02 21:40:10,0.08122857142857136,2726482
GME,2021-11-02 21:50:03,0.05111911764705883,2726483
GME,2021-11-02 22:00:06,0.061595945945945973,2726484
GME,2021-11-02 22:10:08,0.18734736842105265,2726485
GME,2021-11-02 22:20:16,0.15216610169491523,2726486
GME,2021-11-02 22:30:13,0.17493207547169815,2726487
GME,2021-11-02 22:40:02,0.0755842105263158,2726488
GME,2021-11-02 22:50:13,0.1166139534883721,2726489
GME,2021-11-02 23:00:01,0.11409824561403509,2726490
GME,2021-11-02 23:10:19,0.23830677966101693,2726491
GME,2021-11-02 23:20:28,0.09687906976744189,2726492
GME,2021-11-02 23:30:12,0.1300075,2726493
GME,2021-11-02 23:40:03,0.12237500000000001,2726494
GME,2021-11-02 23:50:15,0.04692682926829269,2726495
GME,2021-11-03 00:00:28,0.19809268292682924,2726496
GME,2021-11-03 00:10:13,0.23629545454545456,2726497
GME,2021-11-03 00:20:11,-0.01953846153846153,2726498
GME,2021-11-03 00:30:10,0.042574999999999974,2726499
GME,2021-11-03 00:40:48,0.07225909090909093,2726500
GME,2021-11-03 00:50:06,0.044337999999999995,2726501
GME,2021-11-03 01:00:00,0.1720551724137931,2726502
GME,2021-11-03 01:10:15,0.2670612244897959,2726503
GME,2021-11-03 01:20:24,0.1406285714285714,2726504
GME,2021-11-03 01:30:28,0.2131179104477612,2726505
GME,2021-11-03 01:40:16,0.01585102040816325,2726506
GME,2021-11-03 01:50:00,0.10983777777777778,2726507
GME,2021-11-03 02:00:01,0.27653513513513506,2726508
GME,2021-11-03 02:10:51,0.19057837837837838,2726509
GME,2021-11-03 02:20:24,0.1759125,2726510
GME,2021-11-03 02:30:06,0.12288444444444444,2726511
GME,2021-11-03 02:40:11,0.20306363636363636,2726512
GME,2021-11-03 02:50:26,0.124311320754717,2726513
GME,2021-11-03 03:00:06,0.06223399999999999,2726514
GME,2021-11-03 03:10:17,0.07799555555555554,2726515
GME,2021-11-03 03:20:07,0.18596578947368422,2726516
GME,2021-11-03 03:30:07,0.07860217391304344,2726517
GME,2021-11-03 03:40:04,0.1360846153846154,2726518
GME,2021-11-03 03:50:07,0.10687659574468084,2726519
GME,2021-11-03 04:00:33,0.06852222222222223,2726520
GME,2021-11-03 04:10:15,0.18655526315789475,2726521
GME,2021-11-03 04:20:41,0.08181351351351351,2726522
GME,2021-11-03 04:31:07,0.09365862068965519,2726523
GME,2021-11-03 04:40:00,0.02260909090909094,2726524
GME,2021-11-03 04:50:01,-0.014108000000000008,2726525
GME,2021-11-03 05:00:30,0.181455,2726526
GME,2021-11-03 05:10:44,0.21615416666666668,2726527
GME,2021-11-03 05:20:09,0.07062631578947369,2726528
GME,2021-11-03 05:30:06,0.23309600000000008,2726529
GME,2021-11-03 05:40:05,0.12583157894736843,2726530
GME,2021-11-03 05:50:14,0.030071874999999994,2726531
GME,2021-11-03 06:00:49,0.08565833333333334,2726532
GME,2021-11-03 06:10:56,0.1594391304347826,2726533
GME,2021-11-03 06:20:12,-0.077925,2726534
GME,2021-11-03 06:30:48,0.07140625,2726535
GME,2021-11-03 06:40:33,-0.11543333333333333,2726536
GME,2021-11-03 06:50:05,0.3717047619047619,2726537
GME,2021-11-03 07:01:17,0.30728666666666665,2726538
GME,2021-11-03 07:10:18,0.0441875,2726539
GME,2021-11-03 07:20:00,0.13675500000000002,2726540
GME,2021-11-03 07:30:07,0.28303,2726541
GME,2021-11-03 07:40:09,0.15441249999999998,2726542
GME,2021-11-03 07:50:09,0.14535625,2726543
GME,2021-11-03 08:02:22,0.23127,2726544
GME,2021-11-03 08:10:06,-0.035071428571428566,2726545
GME,2021-11-03 08:20:45,0.07808749999999998,2726546
GME,2021-11-03 08:30:19,0.1772,2726547
GME,2021-11-03 08:40:00,0.08489285714285713,2726548
GME,2021-11-03 08:50:11,0.18318750000000003,2726549
GME,2021-11-03 09:00:37,0.174625,2726550
GME,2021-11-03 09:10:30,0.083625,2726551
GME,2021-11-03 09:21:34,0.24809130434782614,2726552
GME,2021-11-03 09:33:00,0.20583846153846158,2726553
GME,2021-11-03 09:40:32,-0.014982352941176466,2726554
GME,2021-11-03 09:50:31,0.2109791666666667,2726555
GME,2021-11-03 10:00:16,0.014563636363636364,2726556
GME,2021-11-03 10:10:01,0.2359142857142857,2726557
GME,2021-11-03 10:20:10,0.2735454545454546,2726558
GME,2021-11-03 10:30:06,0.14026666666666665,2726559
GME,2021-11-03 10:41:09,0.33012631578947366,2726560
GME,2021-11-03 10:50:19,0.1833142857142857,2726561
GME,2021-11-03 11:01:17,0.2934272727272728,2726562
GME,2021-11-03 11:10:03,0.20890769230769232,2726563
GME,2021-11-03 11:20:09,0.23683200000000004,2726564
GME,2021-11-03 11:31:18,-0.048725000000000004,2726565
GME,2021-11-03 11:40:29,0.11748888888888889,2726566
GME,2021-11-03 11:50:01,-0.11217714285714288,2726567
GME,2021-11-03 12:00:02,0.09384871794871796,2726568
GME,2021-11-03 12:10:00,0.06977142857142858,2726569
GME,2021-11-03 12:20:47,0.04558055555555554,2726570
GME,2021-11-03 12:30:24,0.2120181818181818,2726571
GME,2021-11-03 12:40:17,-0.02181666666666668,2726572
GME,2021-11-03 12:50:05,0.13499285714285714,2726573
GME,2021-11-03 13:00:39,0.2107361111111111,2726574
GME,2021-11-03 13:10:03,0.06604137931034483,2726575
GME,2021-11-03 13:20:20,0.013083333333333296,2726576
GME,2021-11-03 13:30:30,0.19314084507042256,2726577
GME,2021-11-03 13:40:04,0.1263851485148515,2726578
GME,2021-11-03 13:50:00,0.12553169014084506,2726579
GME,2021-11-03 14:00:08,0.059250000000000025,2726580
GME,2021-11-03 14:10:02,0.08018653846153843,2726581
GME,2021-11-03 14:20:05,-0.0430156626506024,2726582
GME,2021-11-03 14:30:03,0.08904423076923072,2726583
GME,2021-11-03 14:40:03,0.07956145833333336,2726584
GME,2021-11-03 14:50:00,0.17408095238095228,2726585
GME,2021-11-03 15:00:00,0.19246249999999993,2726586
GME,2021-11-03 15:10:27,0.12101746031746036,2726587
GME,2021-11-03 15:20:28,0.15805731707317067,2726588
GME,2021-11-03 15:30:08,0.1138611940298507,2726589
GME,2021-11-03 15:40:02,0.07933043478260869,2726590
GME,2021-11-03 15:50:02,0.03352857142857142,2726591
GME,2021-11-03 16:00:00,0.03248039215686278,2726592
GME,2021-11-03 16:10:11,-0.06206915887850468,2726593
GME,2021-11-03 16:20:02,0.13013376623376627,2726594
GME,2021-11-03 16:30:05,0.025418918918918926,2726595
GME,2021-11-03 16:40:04,0.013531372549019613,2726596
GME,2021-11-03 16:50:17,0.13684347826086962,2726597
GME,2021-11-03 17:00:00,0.11145138888888889,2726598
GME,2021-11-03 17:10:22,0.15120925925925924,2726599
GME,2021-11-03 17:20:08,0.0661371794871795,2726600
GME,2021-11-03 17:30:25,0.0373844155844156,2726601
GME,2021-11-03 17:40:01,0.05514126984126984,2726602
GME,2021-11-03 17:50:02,0.09309142857142857,2726603
GME,2021-11-03 18:00:02,0.03175657894736845,2726604
GME,2021-11-03 18:10:11,-0.008766666666666666,2726605
GME,2021-11-03 18:20:23,0.05910892857142858,2726606
GME,2021-11-03 18:30:08,0.01702903225806453,2726607
GME,2021-11-03 18:40:02,0.060571153846153844,2726608
GME,2021-11-03 18:50:08,0.13154642857142854,2726609
GME,2021-11-03 19:00:08,0.139487323943662,2726610
GME,2021-11-03 19:10:01,0.10607499999999999,2726611
GME,2021-11-03 19:20:18,0.08056721311475411,2726612
GME,2021-11-03 19:30:31,0.0038770491803278686,2726613
GME,2021-11-03 19:40:02,0.06914651162790697,2726614
GME,2021-11-03 19:50:06,0.010058000000000006,2726615
GME,2021-11-03 20:00:08,0.05415068493150684,2726616
GME,2021-11-03 20:10:04,0.1947661016949152,2726617
GME,2021-11-03 20:20:00,0.1449058823529412,2726618
GME,2021-11-03 20:30:15,0.16390000000000002,2726619
GME,2021-11-03 20:40:36,0.14320000000000005,2726620
GME,2021-11-03 20:50:08,0.0811712121212121,2726621
GME,2021-11-03 21:00:05,0.2871775,2726622
GME,2021-11-03 21:10:23,0.18816818181818185,2726623
GME,2021-11-03 21:20:01,0.2080444444444444,2726624
GME,2021-11-03 21:30:31,0.15269791666666668,2726625
GME,2021-11-03 21:40:01,0.11392,2726626
GME,2021-11-03 21:50:06,0.12211071428571427,2726627
GME,2021-11-03 22:00:00,0.1444444444444445,2726628
GME,2021-11-03 22:10:06,0.22596666666666668,2726629
GME,2021-11-03 22:20:01,0.17480192307692302,2726630
GME,2021-11-03 22:30:04,0.23397500000000002,2726631
GME,2021-11-03 22:40:08,0.21434418604651162,2726632
GME,2021-11-03 22:50:32,0.04417307692307692,2726633
GME,2021-11-03 23:00:06,0.28422380952380943,2726634
GME,2021-11-03 23:10:12,0.12224358974358977,2726635
GME,2021-11-03 23:20:16,0.20077777777777772,2726636
GME,2021-11-03 23:30:04,-0.018910344827586224,2726637
GME,2021-11-03 23:40:05,0.07729375,2726638
GME,2021-11-03 23:50:07,0.2488528301886793,2726639
GME,2021-11-04 00:00:51,0.2134117647058823,2726640
GME,2021-11-04 00:10:45,0.18328478260869563,2726641
GME,2021-11-04 00:20:05,0.18757631578947373,2726642
GME,2021-11-04 00:30:27,0.07226136363636368,2726643
GME,2021-11-04 00:40:09,0.12703000000000003,2726644
GME,2021-11-04 00:50:10,0.15056944444444445,2726645
GME,2021-11-04 01:00:03,0.2121470588235294,2726646
GME,2021-11-04 01:10:00,0.24353214285714286,2726647
GME,2021-11-04 01:20:02,0.1992833333333333,2726648
GME,2021-11-04 01:30:02,0.32110833333333333,2726649
GME,2021-11-04 01:40:08,0.034671111111111125,2726650
GME,2021-11-04 01:50:03,0.22070476190476196,2726651
GME,2021-11-04 02:00:01,0.16627954545454546,2726652
GME,2021-11-04 02:10:04,0.2863571428571428,2726653
GME,2021-11-04 02:20:54,0.19103448275862067,2726654
GME,2021-11-04 02:30:02,0.1603512195121951,2726655
GME,2021-11-04 02:40:13,0.22001052631578943,2726656
GME,2021-11-04 02:50:12,0.3959846153846153,2726657
GME,2021-11-04 03:00:04,0.19718372093023262,2726658
GME,2021-11-04 03:10:48,0.1969,2726659
GME,2021-11-04 03:20:09,0.24620606060606057,2726660
GME,2021-11-04 03:30:06,0.09663076923076924,2726661
GME,2021-11-04 03:40:34,0.14728666666666673,2726662
GME,2021-11-04 03:50:01,0.25905555555555554,2726663
GME,2021-11-04 04:00:41,0.17162500000000003,2726664
GME,2021-11-04 04:10:15,0.3145125,2726665
GME,2021-11-04 04:20:04,0.21135714285714283,2726666
GME,2021-11-04 04:30:19,0.2976548387096774,2726667
GME,2021-11-04 04:40:18,0.26577500000000004,2726668
GME,2021-11-04 04:50:35,0.13188965517241383,2726669
GME,2021-11-04 05:00:19,0.25164444444444445,2726670
GME,2021-11-04 05:10:19,0.11825000000000002,2726671
GME,2021-11-04 05:21:01,0.014906666666666674,2726672
GME,2021-11-04 05:30:13,0.29997741935483874,2726673
GME,2021-11-04 05:40:26,0.41646666666666676,2726674
GME,2021-11-04 05:50:15,0.09163157894736843,2726675
GME,2021-11-04 06:00:26,0.38710714285714287,2726676
GME,2021-11-04 06:10:05,0.25745555555555566,2726677
GME,2021-11-04 06:20:06,0.1675375,2726678
GME,2021-11-04 06:30:00,0.04745714285714286,2726679
GME,2021-11-04 06:40:05,0.3743285714285714,2726680
GME,2021-11-04 06:50:57,0.16269999999999996,2726681
GME,2021-11-04 07:00:24,0.05592666666666666,2726682
GME,2021-11-04 07:10:19,0.23148823529411763,2726683
GME,2021-11-04 07:20:12,0.15049999999999997,2726684
GME,2021-11-04 07:30:59,-0.09132,2726685
GME,2021-11-04 07:40:58,0.44327500000000003,2726686
GME,2021-11-04 07:50:52,0.14214285714285713,2726687
GME,2021-11-04 08:00:43,0.029972727272727262,2726688
GME,2021-11-04 08:10:39,0.2157285714285714,2726689
GME,2021-11-04 08:20:37,0.09457000000000002,2726690
GME,2021-11-04 08:30:06,0.29957058823529414,2726691
GME,2021-11-04 08:40:33,-0.05915555555555555,2726692
GME,2021-11-04 08:50:45,0.32777,2726693
GME,2021-11-04 09:00:09,0.0831764705882353,2726694
GME,2021-11-04 09:10:34,0.29745000000000005,2726695
GME,2021-11-04 09:20:49,0.06277692307692305,2726696
GME,2021-11-04 09:30:25,0.04188421052631579,2726697
GME,2021-11-04 09:41:55,0.19137333333333337,2726698
GME,2021-11-04 09:50:47,0.35322777777777775,2726699
GME,2021-11-04 10:01:43,0.2384125,2726700
GME,2021-11-04 10:11:02,0.25654736842105264,2726701
GME,2021-11-04 10:23:09,0.4293666666666666,2726702
GME,2021-11-04 10:32:20,0.07998181818181817,2726703
GME,2021-11-04 10:40:05,0.47892727272727265,2726704
GME,2021-11-04 10:50:33,0.26577727272727275,2726705
GME,2021-11-04 11:00:37,0.11526666666666664,2726706
GME,2021-11-04 11:10:31,0.38661333333333325,2726707
GME,2021-11-04 11:20:00,0.331590909090909,2726708
GME,2021-11-04 11:30:08,0.18480937499999997,2726709
GME,2021-11-04 11:40:08,0.19628235294117652,2726710
GME,2021-11-04 11:50:17,0.28247027027027033,2726711
GME,2021-11-04 12:00:02,0.3299518518518519,2726712
GME,2021-11-04 12:10:06,0.1869390243902439,2726713
GME,2021-11-04 12:20:21,0.0818,2726714
GME,2021-11-04 12:30:10,0.18898250000000005,2726715
GME,2021-11-04 12:40:02,0.22119999999999998,2726716
GME,2021-11-04 12:50:08,0.1735983606557377,2726717
GME,2021-11-04 13:00:01,0.19286666666666663,2726718
GME,2021-11-04 13:10:15,0.14409069767441865,2726719
GME,2021-11-04 13:20:07,0.22832363636363637,2726720
GME,2021-11-04 13:30:06,0.1703267857142857,2726721
GME,2021-11-04 13:40:28,0.04957671232876713,2726722
GME,2021-11-04 13:50:04,0.1069607843137255,2726723
GME,2021-11-04 14:00:01,0.16684,2726724
GME,2021-11-04 14:10:10,0.24079347826086955,2726725
GME,2021-11-04 14:20:03,0.16643396226415083,2726726
GME,2021-11-04 14:30:00,0.24876119402985072,2726727
GME,2021-11-04 14:40:16,0.2650692307692307,2726728
GME,2021-11-04 14:50:03,0.23770289855072463,2726729
GME,2021-11-04 15:00:03,0.29427462686567174,2726730
GME,2021-11-04 15:10:13,0.1841786666666666,2726731
GME,2021-11-04 15:20:02,0.2874079365079365,2726732
GME,2021-11-04 15:30:03,0.17353906249999998,2726733
GME,2021-11-04 15:40:02,0.04740937500000001,2726734
GME,2021-11-04 15:50:09,0.24560545454545446,2726735
GME,2021-11-04 16:00:12,0.09058648648648648,2726736
GME,2021-11-04 16:10:01,0.3125145161290323,2726737
GME,2021-11-04 16:20:05,0.2214220338983051,2726738
GME,2021-11-04 16:30:05,0.2566245614035088,2726739
GME,2021-11-04 16:40:15,0.17922500000000002,2726740
GME,2021-11-04 16:50:26,0.2509892857142857,2726741
GME,2021-11-04 17:00:05,0.07399545454545454,2726742
GME,2021-11-04 17:10:35,0.14127735849056605,2726743
GME,2021-11-04 17:20:35,0.2192553571428571,2726744
GME,2021-11-04 17:30:01,0.1687085714285714,2726745
GME,2021-11-04 17:40:05,0.3116587301587301,2726746
GME,2021-11-04 17:50:24,0.3556659999999999,2726747
GME,2021-11-04 18:00:10,0.06079722222222222,2726748
GME,2021-11-04 18:10:17,0.2406685714285714,2726749
GME,2021-11-04 18:20:27,0.11862641509433966,2726750
GME,2021-11-04 18:30:15,0.24262162162162162,2726751
GME,2021-11-04 18:40:09,0.1924976744186046,2726752
GME,2021-11-04 18:50:09,0.12232444444444446,2726753
GME,2021-11-04 19:00:18,0.2672939999999999,2726754
GME,2021-11-04 19:10:03,0.11243333333333336,2726755
GME,2021-11-04 19:20:05,0.11522400000000001,2726756
GME,2021-11-04 19:30:13,0.10858043478260872,2726757
GME,2021-11-04 19:40:23,0.16649074074074066,2726758
GME,2021-11-04 19:50:14,0.18530714285714286,2726759
GME,2021-11-04 20:00:02,0.18388392857142857,2726760
GME,2021-11-04 20:10:33,0.1740735294117647,2726761
GME,2021-11-04 20:20:06,0.14968,2726762
GME,2021-11-04 20:30:03,0.26375909090909094,2726763
GME,2021-11-04 20:40:06,0.2126608695652174,2726764
GME,2021-11-04 20:50:33,0.2597578947368421,2726765
GME,2021-11-04 21:00:08,0.19928363636363636,2726766
GME,2021-11-04 21:10:08,0.3412238095238096,2726767
GME,2021-11-04 21:20:00,0.22930208333333338,2726768
GME,2021-11-04 21:30:06,0.2704189189189189,2726769
GME,2021-11-04 21:40:16,0.26153750000000003,2726770
GME,2021-11-04 21:50:16,0.15676666666666667,2726771
GME,2021-11-04 22:00:43,0.21529459459459463,2726772
GME,2021-11-04 22:10:01,0.20088000000000003,2726773
GME,2021-11-04 22:20:06,0.18024761904761905,2726774
GME,2021-11-04 22:30:07,0.03041395348837208,2726775
GME,2021-11-04 22:40:51,0.27634,2726776
GME,2021-11-04 22:50:05,0.22911818181818183,2726777
GME,2021-11-04 23:00:08,0.371127659574468,2726778
GME,2021-11-04 23:10:02,0.07708604651162791,2726779
GME,2021-11-04 23:20:09,0.19327173913043477,2726780
GME,2021-11-04 23:30:23,0.07779354838709679,2726781
GME,2021-11-04 23:40:59,0.11080937500000002,2726782
GME,2021-11-04 23:50:09,0.20909767441860463,2726783
GME,2021-11-05 00:00:06,-0.00022857142857142456,2726784
GME,2021-11-05 00:10:00,0.2948634146341464,2726785
GME,2021-11-05 00:20:12,0.34970909090909086,2726786
GME,2021-11-05 00:30:06,0.30674848484848494,2726787
GME,2021-11-05 00:40:38,0.1805594594594595,2726788
GME,2021-11-05 00:50:24,0.20670799999999998,2726789
GME,2021-11-05 01:00:32,0.04165185185185186,2726790
GME,2021-11-05 01:10:17,0.22725666666666672,2726791
GME,2021-11-05 01:20:41,0.22223636363636365,2726792
GME,2021-11-05 01:30:09,0.34878076923076917,2726793
GME,2021-11-05 01:40:02,0.06837586206896552,2726794
GME,2021-11-05 01:50:18,0.11889687499999999,2726795
GME,2021-11-05 02:00:02,0.23952758620689654,2726796
GME,2021-11-05 02:10:02,0.262775,2726797
GME,2021-11-05 02:20:01,0.231525,2726798
GME,2021-11-05 02:30:00,0.4081846153846155,2726799
GME,2021-11-05 02:40:46,0.10994848484848485,2726800
GME,2021-11-05 02:50:01,0.18838275862068965,2726801
GME,2021-11-05 03:01:10,0.044333333333333336,2726802
GME,2021-11-05 03:10:17,0.209,2726803
GME,2021-11-05 03:21:28,-0.16746666666666665,2726804
GME,2021-11-05 03:30:19,0.1494620689655172,2726805
GME,2021-11-05 03:40:27,0.098788,2726806
GME,2021-11-05 03:50:53,0.25804583333333336,2726807
GME,2021-11-05 04:01:05,0.135545,2726808
GME,2021-11-05 04:11:34,0.1253105263157895,2726809
GME,2021-11-05 04:20:38,0.26224444444444445,2726810
GME,2021-11-05 04:30:06,0.0018153846153846332,2726811
GME,2021-11-05 04:41:08,0.18719411764705882,2726812
GME,2021-11-05 04:50:11,-0.0340705882352941,2726813
GME,2021-11-05 05:00:05,0.39186,2726814
GME,2021-11-05 05:10:58,0.09154666666666667,2726815
GME,2021-11-05 05:20:33,0.17085416666666667,2726816
GME,2021-11-05 05:30:51,0.3142125,2726817
GME,2021-11-05 05:41:40,-0.23301111111111114,2726818
GME,2021-11-05 05:51:20,0.09392307692307693,2726819
GME,2021-11-05 06:00:06,0.34990000000000004,2726820
GME,2021-11-05 06:10:53,0.3096052631578948,2726821
GME,2021-11-05 06:20:51,0.39912000000000003,2726822
GME,2021-11-05 06:30:55,0.017956249999999993,2726823
GME,2021-11-05 06:40:52,0.2516333333333334,2726824
GME,2021-11-05 06:51:17,0.2537714285714286,2726825
GME,2021-11-05 07:00:24,0.40179,2726826
GME,2021-11-05 07:13:15,-0.10943999999999998,2726827
GME,2021-11-05 07:25:24,-0.23456000000000002,2726828
GME,2021-11-05 07:30:34,-0.3460571428571428,2726829
GME,2021-11-05 07:42:03,0.30267142857142865,2726830
GME,2021-11-05 07:50:22,0.18688333333333337,2726831
GME,2021-11-05 08:00:00,-0.11990909090909091,2726832
GME,2021-11-05 08:10:20,0.12328823529411764,2726833
GME,2021-11-05 08:20:14,0.4262176470588235,2726834
GME,2021-11-05 08:30:08,-0.2594,2726835
GME,2021-11-05 08:40:08,0.12548666666666666,2726836
GME,2021-11-05 08:50:17,-0.059180000000000024,2726837
GME,2021-11-05 09:00:05,0.14799090909090912,2726838
GME,2021-11-05 09:10:11,0.17063571428571428,2726839
GME,2021-11-05 09:22:01,0.24796111111111113,2726840
GME,2021-11-05 09:30:14,0.030617647058823527,2726841
GME,2021-11-05 09:41:08,0.15425789473684212,2726842
GME,2021-11-05 09:50:15,-0.1218304347826087,2726843
GME,2021-11-05 10:00:58,0.15019999999999997,2726844
GME,2021-11-05 10:11:15,-0.07411,2726845
GME,2021-11-05 10:21:42,0.09675833333333335,2726846
GME,2021-11-05 10:30:02,0.12168823529411765,2726847
GME,2021-11-05 10:41:07,0.25691111111111115,2726848
GME,2021-11-05 10:50:38,0.006426666666666692,2726849
GME,2021-11-05 11:00:02,0.2015190476190476,2726850
GME,2021-11-05 11:10:12,0.21155909090909095,2726851
GME,2021-11-05 11:20:00,0.10359999999999997,2726852
GME,2021-11-05 11:30:01,0.39818499999999996,2726853
GME,2021-11-05 11:41:07,0.10035652173913044,2726854
GME,2021-11-05 11:50:17,0.12494583333333333,2726855
GME,2021-11-05 12:00:50,0.11358064516129034,2726856
GME,2021-11-05 12:10:14,0.17780714285714286,2726857
GME,2021-11-05 12:20:00,0.07753235294117648,2726858
GME,2021-11-05 12:30:09,0.08420571428571429,2726859
GME,2021-11-05 12:40:07,0.23655531914893613,2726860
GME,2021-11-05 12:50:23,0.029970212765957443,2726861
GME,2021-11-05 13:00:18,0.15495,2726862
GME,2021-11-05 13:10:10,0.18637636363636367,2726863
GME,2021-11-05 13:20:11,0.10153529411764704,2726864
GME,2021-11-05 13:30:10,0.23776382978723407,2726865
GME,2021-11-05 13:40:00,0.09438360655737706,2726866
GME,2021-11-05 13:50:22,0.013276744186046506,2726867
GME,2021-11-05 14:00:05,0.10740000000000001,2726868
GME,2021-11-05 14:10:07,0.040138028169014094,2726869
GME,2021-11-05 14:20:09,0.21002931034482752,2726870
GME,2021-11-05 14:30:00,0.11914366197183103,2726871
GME,2021-11-05 14:40:03,0.23361041666666674,2726872
GME,2021-11-05 14:50:03,0.13560454545454545,2726873
GME,2021-11-05 15:00:13,0.3173246376811594,2726874
GME,2021-11-05 15:10:06,0.28679682539682544,2726875
GME,2021-11-05 15:20:03,0.17671875,2726876
GME,2021-11-05 15:30:10,0.2859320754716982,2726877
GME,2021-11-05 15:40:08,0.23206086956521746,2726878
GME,2021-11-05 15:50:10,0.29987407407407396,2726879
GME,2021-11-05 16:00:05,0.1289803921568627,2726880
GME,2021-11-05 16:10:01,-0.003292982456140363,2726881
GME,2021-11-05 16:20:01,0.21977450980392163,2726882
GME,2021-11-05 16:30:00,0.22029499999999996,2726883
GME,2021-11-05 16:40:00,0.030394642857142856,2726884
GME,2021-11-05 16:50:02,0.1116290909090909,2726885
GME,2021-11-05 17:00:00,0.11647777777777778,2726886
GME,2021-11-05 17:10:03,0.23036527777777774,2726887
GME,2021-11-05 17:20:05,0.11536923076923074,2726888
GME,2021-11-05 17:30:10,0.1472650793650794,2726889
GME,2021-11-05 17:40:01,0.22183928571428577,2726890
GME,2021-11-05 17:50:08,0.2520253968253969,2726891
GME,2021-11-05 18:00:06,0.22157017543859645,2726892
GME,2021-11-05 18:10:10,0.0823472727272727,2726893
GME,2021-11-05 18:20:05,0.03207407407407408,2726894
GME,2021-11-05 18:30:31,0.13950169491525422,2726895
GME,2021-11-05 18:40:11,0.11025882352941176,2726896
GME,2021-11-05 18:50:04,0.1480648148148148,2726897
GME,2021-11-05 19:00:07,0.26617457627118646,2726898
GME,2021-11-05 19:10:08,0.25739491525423736,2726899
GME,2021-11-05 19:20:03,0.16745555555555555,2726900
GME,2021-11-05 19:30:27,0.1288105263157895,2726901
GME,2021-11-05 19:40:01,0.16002678571428577,2726902
GME,2021-11-05 19:50:13,0.2442390243902438,2726903
GME,2021-11-05 20:00:09,0.30190952380952385,2726904
GME,2021-11-05 20:10:18,0.23062142857142853,2726905
GME,2021-11-05 20:20:11,0.04786315789473685,2726906
GME,2021-11-05 20:30:10,0.2403428571428571,2726907
GME,2021-11-05 20:40:00,0.18038292682926832,2726908
GME,2021-11-05 20:50:12,0.10705151515151516,2726909
GME,2021-11-05 21:00:01,0.23193076923076922,2726910
GME,2021-11-05 21:10:02,0.20687692307692307,2726911
GME,2021-11-05 21:20:09,0.2842367346938776,2726912
GME,2021-11-05 21:30:05,0.34919361702127666,2726913
GME,2021-11-05 21:40:21,0.3241973684210527,2726914
GME,2021-11-05 21:50:30,0.20147777777777787,2726915
GME,2021-11-05 22:00:04,0.30085945945945963,2726916
GME,2021-11-05 22:10:57,0.2542488372093024,2726917
GME,2021-11-05 22:20:16,0.3156583333333334,2726918
GME,2021-11-05 22:30:16,0.280288888888889,2726919
GME,2021-11-05 22:40:18,0.2329888888888889,2726920
GME,2021-11-05 22:50:07,0.3949700000000001,2726921
GME,2021-11-05 23:00:31,0.5378090909090909,2726922
GME,2021-11-05 23:10:18,0.43044523809523805,2726923
GME,2021-11-05 23:20:11,0.21711276595744686,2726924
GME,2021-11-05 23:30:10,0.28333829787234044,2726925
GME,2021-11-05 23:40:37,0.2152194444444445,2726926
GME,2021-11-05 23:50:09,0.2688923076923078,2726927
GME,2021-11-06 00:00:14,0.2807333333333333,2726928
GME,2021-11-06 00:10:22,0.14143333333333336,2726929
GME,2021-11-06 00:20:10,0.1589666666666667,2726930
GME,2021-11-06 00:30:51,0.12304186046511628,2726931
GME,2021-11-06 00:40:52,0.13561538461538455,2726932
GME,2021-11-06 00:50:12,0.2634439024390243,2726933
GME,2021-11-06 01:00:00,0.17914999999999998,2726934
GME,2021-11-06 01:10:11,0.2327847826086957,2726935
GME,2021-11-06 01:20:15,0.04601249999999998,2726936
GME,2021-11-06 01:30:08,0.27260888888888896,2726937
GME,2021-11-06 01:40:05,0.45649705882352953,2726938
GME,2021-11-06 01:50:01,0.4113466666666667,2726939
GME,2021-11-06 02:00:15,0.2901542857142857,2726940
GME,2021-11-06 02:10:12,0.2909638888888889,2726941
GME,2021-11-06 02:20:02,0.2590096774193548,2726942
GME,2021-11-06 02:30:00,0.1768171428571429,2726943
GME,2021-11-06 02:40:04,0.1040916666666667,2726944
GME,2021-11-06 02:50:43,0.3836031250000001,2726945
GME,2021-11-06 03:00:02,0.19202820512820515,2726946
GME,2021-11-06 03:10:08,0.25050967741935487,2726947
GME,2021-11-06 03:20:19,0.31928,2726948
GME,2021-11-06 03:30:35,0.31024666666666667,2726949
GME,2021-11-06 03:40:45,0.3237285714285715,2726950
GME,2021-11-06 03:50:11,0.14396000000000003,2726951
GME,2021-11-06 04:00:36,0.2895250000000001,2726952
GME,2021-11-06 04:10:22,0.20122400000000007,2726953
GME,2021-11-06 04:20:02,0.26303703703703707,2726954
GME,2021-11-06 04:30:36,0.034152173913043475,2726955
GME,2021-11-06 04:40:13,0.23439629629629632,2726956
GME,2021-11-06 04:50:24,0.44210000000000005,2726957
GME,2021-11-06 05:00:01,0.29314324324324326,2726958
GME,2021-11-06 05:10:13,0.2754761904761905,2726959
GME,2021-11-06 05:20:36,0.02411875,2726960
GME,2021-11-06 05:30:03,0.163776,2726961
GME,2021-11-06 05:40:41,0.20692777777777777,2726962
GME,2021-11-06 05:50:23,0.2417166666666667,2726963
GME,2021-11-06 06:00:08,0.33848500000000004,2726964
GME,2021-11-06 06:11:14,0.34547,2726965
GME,2021-11-06 06:21:14,0.35320769230769233,2726966
GME,2021-11-06 06:31:10,0.5718076923076925,2726967
GME,2021-11-06 06:40:40,0.38839411764705883,2726968
GME,2021-11-06 06:50:18,0.35157499999999997,2726969
GME,2021-11-06 07:00:12,0.13855,2726970
GME,2021-11-06 07:10:03,0.291175,2726971
GME,2021-11-06 07:20:08,0.2345266666666667,2726972
GME,2021-11-06 07:30:46,0.33921111111111113,2726973
GME,2021-11-06 07:40:15,0.40258947368421055,2726974
GME,2021-11-06 07:50:00,0.29341666666666666,2726975
GME,2021-11-06 08:00:01,0.15820555555555557,2726976
GME,2021-11-06 08:10:14,0.45646000000000003,2726977
GME,2021-11-06 08:20:03,0.30780714285714283,2726978
GME,2021-11-06 08:30:00,0.2402181818181818,2726979
GME,2021-11-06 08:40:22,0.26232500000000003,2726980
GME,2021-11-06 08:50:12,0.5232500000000001,2726981
GME,2021-11-06 09:00:04,0.30160000000000003,2726982
GME,2021-11-06 09:10:35,0.5031333333333333,2726983
GME,2021-11-06 09:20:09,0.18164166666666667,2726984
GME,2021-11-06 09:30:03,0.54437,2726985
GME,2021-11-06 09:42:59,0.18840000000000004,2726986
GME,2021-11-06 09:50:26,0.5061166666666667,2726987
GME,2021-11-06 10:00:41,0.4048461538461539,2726988
GME,2021-11-06 10:11:07,0.18265833333333334,2726989
GME,2021-11-06 10:20:07,0.1350818181818182,2726990
GME,2021-11-06 10:30:29,0.4409142857142857,2726991
GME,2021-11-06 10:40:16,0.35525882352941174,2726992
GME,2021-11-06 10:50:32,0.43547916666666664,2726993
GME,2021-11-06 11:00:57,0.39205500000000004,2726994
GME,2021-11-06 11:10:01,0.3645360000000001,2726995
GME,2021-11-06 11:21:18,0.11649999999999999,2726996
GME,2021-11-06 11:30:12,0.1214227272727273,2726997
GME,2021-11-06 11:40:49,0.21252222222222225,2726998
GME,2021-11-06 11:50:26,0.30967619047619044,2726999
GME,2021-11-06 12:00:09,0.33353333333333335,2727000
GME,2021-11-06 12:10:10,0.21281562499999998,2727001
GME,2021-11-06 12:20:01,0.4249521739130435,2727002
GME,2021-11-06 12:30:22,0.24705555555555556,2727003
GME,2021-11-06 12:41:23,0.4005320000000001,2727004
GME,2021-11-06 12:50:20,0.07802777777777778,2727005
GME,2021-11-06 13:01:34,0.34550714285714285,2727006
GME,2021-11-06 13:10:55,0.3271541666666667,2727007
GME,2021-11-06 13:20:21,0.19336896551724148,2727008
GME,2021-11-06 13:30:02,0.32390666666666673,2727009
GME,2021-11-06 13:40:48,0.2613499999999999,2727010
GME,2021-11-06 13:50:01,0.24203333333333327,2727011
GME,2021-11-06 14:00:01,0.21002571428571432,2727012
GME,2021-11-06 14:10:35,0.14332307692307691,2727013
GME,2021-11-06 14:20:09,0.22290740740740744,2727014
GME,2021-11-06 14:30:25,0.1805727272727273,2727015
GME,2021-11-06 14:41:18,0.216004,2727016
GME,2021-11-06 14:50:36,0.4599194444444446,2727017
GME,2021-11-06 15:00:14,0.2991461538461539,2727018
GME,2021-11-06 15:10:05,0.2694425000000001,2727019
GME,2021-11-06 15:20:33,0.3380217391304348,2727020
GME,2021-11-06 15:31:10,0.5386384615384614,2727021
GME,2021-11-06 15:40:15,0.24354594594594597,2727022
GME,2021-11-06 15:50:23,0.2646,2727023
GME,2021-11-06 16:00:00,0.45810344827586214,2727024
GME,2021-11-06 16:10:04,0.2647333333333333,2727025
GME,2021-11-06 16:20:00,0.2765363636363637,2727026
GME,2021-11-06 16:30:01,0.34141600000000005,2727027
GME,2021-11-06 16:40:03,0.16147352941176474,2727028
GME,2021-11-06 16:50:02,0.34460810810810816,2727029
GME,2021-11-06 17:00:11,0.44234545454545454,2727030
GME,2021-11-06 17:10:12,0.41545599999999994,2727031
GME,2021-11-06 17:21:48,0.32919000000000004,2727032
GME,2021-11-06 17:30:28,0.2146631578947369,2727033
GME,2021-11-06 17:40:03,0.3526558823529412,2727034
GME,2021-11-06 17:50:35,0.32006486486486485,2727035
GME,2021-11-06 18:00:03,0.5557000000000001,2727036
GME,2021-11-06 18:10:55,0.12470434782608701,2727037
GME,2021-11-06 18:20:48,0.26290909090909087,2727038
GME,2021-11-06 18:30:08,0.22718125000000003,2727039
GME,2021-11-06 18:40:16,0.46180000000000004,2727040
GME,2021-11-06 18:50:09,0.3500148148148148,2727041
GME,2021-11-06 19:01:07,0.1962189189189189,2727042
GME,2021-11-06 19:10:12,0.157283870967742,2727043
GME,2021-11-06 19:20:05,0.5016400000000001,2727044
GME,2021-11-06 19:30:34,0.3852871794871795,2727045
GME,2021-11-06 19:40:31,0.17531282051282052,2727046
GME,2021-11-06 19:50:12,0.32467575757575756,2727047
GME,2021-11-06 20:00:04,0.38977941176470593,2727048
GME,2021-11-06 20:11:07,0.2923750000000001,2727049
GME,2021-11-06 20:20:15,0.3797038461538461,2727050
GME,2021-11-06 20:30:33,0.3573483870967742,2727051
GME,2021-11-06 20:40:27,0.2189290322580645,2727052
GME,2021-11-06 20:50:02,0.27120476190476195,2727053
GME,2021-11-06 21:00:25,0.24390000000000003,2727054
GME,2021-11-06 21:10:09,0.20728823529411763,2727055
GME,2021-11-06 21:20:05,0.26843750000000005,2727056
GME,2021-11-06 21:30:47,0.21483199999999997,2727057
GME,2021-11-06 21:40:34,0.17225999999999997,2727058
GME,2021-11-06 21:50:09,0.08637741935483871,2727059
GME,2021-11-06 22:00:20,0.2696090909090909,2727060
GME,2021-11-06 22:10:09,0.5253909090909091,2727061
GME,2021-11-06 22:20:02,0.42841428571428575,2727062
GME,2021-11-06 22:30:47,0.08875675675675675,2727063
GME,2021-11-06 22:40:03,0.16571176470588234,2727064
GME,2021-11-06 22:50:13,0.2496235294117647,2727065
GME,2021-11-06 23:00:12,0.0014851851851851922,2727066
GME,2021-11-06 23:10:47,0.3544888888888889,2727067
GME,2021-11-06 23:20:06,0.3627694444444444,2727068
GME,2021-11-06 23:30:05,0.2553541666666667,2727069
GME,2021-11-06 23:40:06,0.14272592592592592,2727070
GME,2021-11-06 23:50:22,0.16604062500000003,2727071
GME,2021-11-07 00:00:05,0.2657411764705882,2727072
GME,2021-11-07 00:10:35,0.20531851851851854,2727073
GME,2021-11-07 00:20:27,0.6067368421052632,2727074
GME,2021-11-07 00:30:04,0.28551200000000004,2727075
GME,2021-11-07 00:40:02,0.17688064516129032,2727076
GME,2021-11-07 00:50:26,0.1545269230769231,2727077
GME,2021-11-07 01:01:19,0.3168363636363637,2727078
GME,2021-11-07 01:10:27,0.2186608695652174,2727079
GME,2021-11-07 01:20:15,0.3633461538461538,2727080
GME,2021-11-07 01:30:38,0.301585,2727081
GME,2021-11-07 01:41:54,0.005349999999999994,2727082
GME,2021-11-07 01:50:20,0.17394285714285715,2727083
GME,2021-11-07 02:00:36,0.4460192307692307,2727084
GME,2021-11-07 02:10:00,0.28486086956521744,2727085
GME,2021-11-07 02:20:52,0.4454190476190477,2727086
GME,2021-11-07 02:30:13,0.4627555555555556,2727087
GME,2021-11-07 02:40:23,0.4610714285714286,2727088
GME,2021-11-07 02:51:07,0.2432105263157895,2727089
GME,2021-11-07 03:00:31,0.16865,2727090
GME,2021-11-07 03:10:21,0.5050888888888889,2727091
GME,2021-11-07 03:20:07,0.3783000000000001,2727092
GME,2021-11-07 03:30:19,0.4236649999999999,2727093
GME,2021-11-07 03:40:12,0.11944000000000002,2727094
GME,2021-11-07 03:50:35,0.14655625,2727095
GME,2021-11-07 04:01:02,0.4531571428571429,2727096
GME,2021-11-07 04:10:27,0.2711235294117647,2727097
GME,2021-11-07 04:20:53,0.33817586206896555,2727098
GME,2021-11-07 04:30:37,0.40624,2727099
GME,2021-11-07 04:40:05,0.3715647058823529,2727100
GME,2021-11-07 04:50:32,0.2962699999999999,2727101
GME,2021-11-07 05:00:33,0.33505555555555566,2727102
GME,2021-11-07 05:10:02,0.3964785714285715,2727103
GME,2021-11-07 05:20:17,0.3756066666666667,2727104
GME,2021-11-07 05:30:45,0.15209999999999999,2727105
GME,2021-11-07 05:41:01,0.1741066666666667,2727106
GME,2021-11-07 05:50:05,0.4033058823529411,2727107
GME,2021-11-07 06:01:25,0.31821,2727108
GME,2021-11-07 06:10:21,0.004738461538461535,2727109
GME,2021-11-07 06:21:15,0.5194000000000001,2727110
GME,2021-11-07 06:30:26,0.18463333333333334,2727111
GME,2021-11-07 06:40:38,-0.000955555555555549,2727112
GME,2021-11-07 06:50:46,0.41146666666666665,2727113
GME,2021-11-07 07:00:00,0.23592222222222226,2727114
GME,2021-11-07 07:10:03,0.10787,2727115
GME,2021-11-07 07:22:17,0.36584375,2727116
GME,2021-11-07 07:30:33,0.18619565217391307,2727117
GME,2021-11-07 07:40:26,0.3964888888888889,2727118
GME,2021-11-07 07:50:07,0.4397857142857143,2727119
GME,2021-11-07 08:00:55,0.5147285714285715,2727120
GME,2021-11-07 08:11:13,0.3064363636363636,2727121
GME,2021-11-07 08:21:18,0.2626583333333333,2727122
GME,2021-11-07 08:32:21,0.11799375000000001,2727123
GME,2021-11-07 08:40:37,0.21130769230769234,2727124
GME,2021-11-07 08:50:55,0.08370000000000001,2727125
GME,2021-11-07 09:01:43,0.4636692307692307,2727126
GME,2021-11-07 09:10:17,0.24879374999999998,2727127
GME,2021-11-07 09:20:05,0.6464666666666666,2727128
GME,2021-11-07 09:31:22,0.289625,2727129
GME,2021-11-07 09:40:13,0.5291142857142856,2727130
GME,2021-11-07 09:50:14,0.0153,2727131
GME,2021-11-07 10:00:32,0.3133888888888889,2727132
GME,2021-11-07 10:10:16,0.3999666666666667,2727133
GME,2021-11-07 10:20:07,0.2517833333333333,2727134
GME,2021-11-07 10:30:07,0.4336307692307693,2727135
GME,2021-11-07 10:40:14,0.29578125,2727136
GME,2021-11-07 10:51:32,0.3347882352941176,2727137
GME,2021-11-07 11:00:05,0.4847666666666666,2727138
GME,2021-11-07 11:11:01,0.35405,2727139
GME,2021-11-07 11:20:24,0.29209333333333337,2727140
GME,2021-11-07 11:30:13,-0.027718181818181812,2727141
GME,2021-11-07 11:40:00,-0.02355,2727142
GME,2021-11-07 11:50:30,0.261,2727143
GME,2021-11-07 12:00:22,0.539223076923077,2727144
GME,2021-11-07 12:10:01,0.3802227272727274,2727145
GME,2021-11-07 12:20:30,0.18522142857142862,2727146
GME,2021-11-07 12:30:55,0.3881866666666666,2727147
GME,2021-11-07 12:40:13,0.3438523809523809,2727148
GME,2021-11-07 12:50:34,0.3986923076923077,2727149
GME,2021-11-07 13:00:07,0.42603448275862077,2727150
GME,2021-11-07 13:10:32,0.42009600000000014,2727151
GME,2021-11-07 13:20:18,0.301396,2727152
GME,2021-11-07 13:30:08,0.39597407407407414,2727153
GME,2021-11-07 13:40:40,0.3031727272727273,2727154
GME,2021-11-07 13:50:11,0.23401142857142854,2727155
GME,2021-11-07 14:00:06,0.24424666666666667,2727156
GME,2021-11-07 14:10:22,0.25327222222222223,2727157
GME,2021-11-07 14:20:31,0.24774722222222215,2727158
GME,2021-11-07 14:30:22,0.3333848484848485,2727159
GME,2021-11-07 14:40:12,0.19640370370370372,2727160
GME,2021-11-07 14:50:17,0.1534833333333333,2727161
GME,2021-11-07 15:00:04,0.3927774193548387,2727162
GME,2021-11-07 15:10:13,0.3462074074074074,2727163
GME,2021-11-07 15:20:02,0.1974088235294118,2727164
GME,2021-11-07 15:30:19,0.33569999999999994,2727165
GME,2021-11-07 15:41:38,0.3528107142857143,2727166
GME,2021-11-07 15:50:10,0.2440694444444444,2727167
GME,2021-11-07 16:00:04,0.26099285714285714,2727168
GME,2021-11-07 16:10:02,0.25869117647058826,2727169
GME,2021-11-07 16:20:10,0.3950222222222222,2727170
GME,2021-11-07 16:30:03,0.3185513513513513,2727171
GME,2021-11-07 16:41:06,0.13174166666666667,2727172
GME,2021-11-07 16:50:27,0.38734999999999997,2727173
GME,2021-11-07 17:00:02,0.3610333333333333,2727174
GME,2021-11-07 17:10:45,0.24278387096774195,2727175
GME,2021-11-07 17:20:26,0.2400620689655172,2727176
GME,2021-11-07 17:30:08,0.26857187500000007,2727177
GME,2021-11-07 17:40:29,0.29005000000000003,2727178
GME,2021-11-07 17:50:14,0.30421000000000004,2727179
GME,2021-11-07 18:00:18,0.40808055555555567,2727180
GME,2021-11-07 18:10:11,0.2649857142857144,2727181
GME,2021-11-07 18:20:35,0.2383480000000001,2727182
GME,2021-11-07 18:30:40,0.4610525,2727183
GME,2021-11-07 18:40:02,0.3946322580645162,2727184
GME,2021-11-07 18:50:16,0.37488285714285713,2727185
GME,2021-11-07 19:00:14,0.2631619047619048,2727186
GME,2021-11-07 19:10:23,0.483132,2727187
GME,2021-11-07 19:20:00,0.16775333333333334,2727188
GME,2021-11-07 19:30:01,0.2293371428571429,2727189
GME,2021-11-07 19:40:25,0.20292432432432433,2727190
GME,2021-11-07 19:50:29,0.2687666666666667,2727191
GME,2021-11-07 20:00:47,0.15908695652173915,2727192
GME,2021-11-07 20:10:18,0.47221212121212125,2727193
GME,2021-11-07 20:20:13,0.07983333333333333,2727194
GME,2021-11-07 20:30:37,0.343275,2727195
GME,2021-11-07 20:40:32,0.27306956521739134,2727196
GME,2021-11-07 20:50:02,0.26672702702702705,2727197
GME,2021-11-07 21:00:09,0.16569696969696968,2727198
GME,2021-11-07 21:10:26,0.14637407407407407,2727199
GME,2021-11-07 21:20:04,0.2416594594594595,2727200
GME,2021-11-07 21:30:18,0.19221764705882355,2727201
GME,2021-11-07 21:40:48,0.2919111111111111,2727202
GME,2021-11-07 21:50:03,0.2913666666666667,2727203
GME,2021-11-07 22:00:12,0.2516444444444445,2727204
GME,2021-11-07 22:10:28,0.25387307692307687,2727205
GME,2021-11-07 22:20:18,0.046356250000000015,2727206
GME,2021-11-07 22:30:14,0.11470625000000005,2727207
GME,2021-11-07 22:40:09,0.09696999999999999,2727208
GME,2021-11-07 22:50:22,0.27957666666666675,2727209
GME,2021-11-07 23:00:29,0.1885864864864865,2727210
GME,2021-11-07 23:10:19,0.14661379310344835,2727211
GME,2021-11-07 23:20:02,0.290883870967742,2727212
GME,2021-11-07 23:30:21,0.3318129032258065,2727213
GME,2021-11-07 23:40:25,0.24919310344827592,2727214
GME,2021-11-07 23:50:11,0.14159411764705884,2727215
GME,2021-11-08 00:00:19,0.22618571428571435,2727216
GME,2021-11-08 00:10:00,0.3834333333333334,2727217
GME,2021-11-08 00:20:10,0.22970930232558134,2727218
GME,2021-11-08 00:30:24,0.26789230769230776,2727219
GME,2021-11-08 00:40:11,0.41599375,2727220
GME,2021-11-08 00:50:19,0.17583913043478264,2727221
GME,2021-11-08 01:00:22,0.31825200000000003,2727222
GME,2021-11-08 01:10:40,0.23590000000000003,2727223
GME,2021-11-08 01:20:20,0.2706314285714286,2727224
GME,2021-11-08 01:30:15,0.21158000000000002,2727225
GME,2021-11-08 01:40:11,0.12689473684210525,2727226
GME,2021-11-08 01:50:08,0.19918437500000005,2727227
GME,2021-11-08 02:00:41,0.5102692307692308,2727228
GME,2021-11-08 02:10:12,0.14914864864864863,2727229
GME,2021-11-08 02:20:26,0.22123666666666678,2727230
GME,2021-11-08 02:30:25,0.15807407407407406,2727231
GME,2021-11-08 02:40:12,0.3530269230769231,2727232
GME,2021-11-08 02:50:01,0.39035945945945955,2727233
GME,2021-11-08 03:00:30,0.39767333333333343,2727234
GME,2021-11-08 03:10:23,0.07735757575757575,2727235
GME,2021-11-08 03:20:31,0.35845185185185185,2727236
GME,2021-11-08 03:30:13,0.15607241379310346,2727237
GME,2021-11-08 03:40:40,0.29330294117647054,2727238
GME,2021-11-08 03:50:07,0.3550666666666668,2727239
GME,2021-11-08 04:00:36,0.10961363636363636,2727240
GME,2021-11-08 04:10:04,0.23982058823529412,2727241
GME,2021-11-08 04:20:23,0.28260952380952387,2727242
GME,2021-11-08 04:30:33,0.3827363636363637,2727243
GME,2021-11-08 04:40:05,0.381095,2727244
GME,2021-11-08 04:50:01,0.1932,2727245
GME,2021-11-08 05:00:08,0.3944125,2727246
GME,2021-11-08 05:10:03,0.16296500000000003,2727247
GME,2021-11-08 05:20:08,0.09891764705882357,2727248
GME,2021-11-08 05:31:35,0.26497999999999994,2727249
GME,2021-11-08 05:40:01,-0.014886363636363616,2727250
GME,2021-11-08 05:51:11,0.18255333333333337,2727251
GME,2021-11-08 06:00:44,0.40975,2727252
GME,2021-11-08 06:11:31,0.3857916666666667,2727253
GME,2021-11-08 06:21:50,0.3687578947368422,2727254
GME,2021-11-08 06:30:31,0.21494444444444444,2727255
GME,2021-11-08 06:40:12,0.05501000000000002,2727256
GME,2021-11-08 06:50:07,0.362025,2727257
GME,2021-11-08 07:00:27,0.4927599999999999,2727258
GME,2021-11-08 07:10:43,0.21058181818181818,2727259
GME,2021-11-08 07:20:33,0.4874588235294117,2727260
GME,2021-11-08 07:30:24,0.19062142857142855,2727261
GME,2021-11-08 07:42:11,0.5222,2727262
GME,2021-11-08 07:54:43,0.2482888888888889,2727263
GME,2021-11-08 08:03:12,-0.154725,2727264
GME,2021-11-08 08:10:00,0.34116315789473683,2727265
GME,2021-11-08 08:20:52,0.36814,2727266
GME,2021-11-08 08:31:15,-0.38894,2727267
GME,2021-11-08 08:40:06,0.40248749999999994,2727268
GME,2021-11-08 08:50:54,0.21744615384615387,2727269
GME,2021-11-08 09:00:29,0.38579565217391304,2727270
GME,2021-11-08 09:11:41,-0.1058,2727271
GME,2021-11-08 09:20:27,0.50725,2727272
GME,2021-11-08 09:30:25,0.2983266666666667,2727273
GME,2021-11-08 09:40:32,0.21574444444444446,2727274
GME,2021-11-08 09:50:13,0.35831428571428575,2727275
GME,2021-11-08 10:00:31,0.01707272727272729,2727276
GME,2021-11-08 10:11:38,0.33028,2727277
GME,2021-11-08 10:20:20,0.40246923076923075,2727278
GME,2021-11-08 10:30:06,0.33455294117647055,2727279
GME,2021-11-08 10:40:25,0.441,2727280
GME,2021-11-08 10:50:56,0.470825,2727281
GME,2021-11-08 11:01:42,0.03411666666666666,2727282
GME,2021-11-08 11:10:15,0.09616363636363635,2727283
GME,2021-11-08 11:20:20,0.37075652173913054,2727284
GME,2021-11-08 11:30:49,0.17824090909090912,2727285
GME,2021-11-08 11:40:18,0.3855714285714286,2727286
GME,2021-11-08 11:50:02,0.09296551724137929,2727287
GME,2021-11-08 12:00:19,0.22353703703703706,2727288
GME,2021-11-08 12:10:02,0.376873076923077,2727289
GME,2021-11-08 12:20:05,0.22853809523809526,2727290
GME,2021-11-08 12:30:04,0.20848750000000002,2727291
GME,2021-11-08 12:40:02,0.32982941176470587,2727292
GME,2021-11-08 12:50:01,0.2569333333333334,2727293
GME,2021-11-08 13:00:02,0.23298048780487812,2727294
GME,2021-11-08 13:10:01,0.29176562500000003,2727295
GME,2021-11-08 13:20:04,0.4491200000000001,2727296
GME,2021-11-08 13:30:15,0.33758275862068965,2727297
GME,2021-11-08 13:40:15,0.5003466666666666,2727298
GME,2021-11-08 13:50:20,0.2641954545454545,2727299
GME,2021-11-08 14:00:09,0.3135361702127661,2727300
GME,2021-11-08 14:10:08,0.3727135135135136,2727301
GME,2021-11-08 14:20:16,0.10505897435897438,2727302
GME,2021-11-08 14:30:33,0.44952187499999996,2727303
GME,2021-11-08 14:40:13,0.16542,2727304
GME,2021-11-08 14:50:02,0.27513695652173914,2727305
GME,2021-11-08 15:00:31,0.21877301587301592,2727306
GME,2021-11-08 15:10:26,0.29724000000000006,2727307
GME,2021-11-08 15:20:06,0.2385732142857144,2727308
GME,2021-11-08 15:30:03,0.13002400000000003,2727309
GME,2021-11-08 15:40:01,0.306259090909091,2727310
GME,2021-11-08 15:50:08,0.28159718309859166,2727311
GME,2021-11-08 16:00:05,0.34473098591549317,2727312
GME,2021-11-08 16:10:07,0.31567017543859643,2727313
GME,2021-11-08 16:20:08,0.26978644067796614,2727314
GME,2021-11-08 16:30:08,0.11479285714285715,2727315
GME,2021-11-08 16:40:09,0.2127191780821918,2727316
GME,2021-11-08 16:50:08,0.18545492957746484,2727317
GME,2021-11-08 17:00:02,0.23595517241379313,2727318
GME,2021-11-08 17:10:04,0.2979936507936508,2727319
GME,2021-11-08 17:20:01,0.3228000000000001,2727320
GME,2021-11-08 17:30:02,0.13401960784313727,2727321
GME,2021-11-08 17:40:05,0.2259219512195121,2727322
GME,2021-11-08 17:50:08,0.2537031250000001,2727323
GME,2021-11-08 18:00:00,0.303539024390244,2727324
GME,2021-11-08 18:10:11,0.3056659574468085,2727325
GME,2021-11-08 18:20:14,0.22635000000000008,2727326
GME,2021-11-08 18:30:16,0.3196785714285715,2727327
GME,2021-11-08 18:40:07,0.340531111111111,2727328
GME,2021-11-08 18:50:02,0.21907906976744188,2727329
GME,2021-11-08 19:00:01,0.3453511111111111,2727330
GME,2021-11-08 19:10:18,0.3341378378378378,2727331
GME,2021-11-08 19:20:11,0.260074358974359,2727332
GME,2021-11-08 19:30:10,0.31778490566037737,2727333
GME,2021-11-08 19:40:06,0.3417682926829268,2727334
GME,2021-11-08 19:50:37,0.3620027027027027,2727335
GME,2021-11-08 20:00:02,0.4384036363636362,2727336
GME,2021-11-08 20:10:00,0.3088111111111111,2727337
GME,2021-11-08 20:20:13,0.2696978260869566,2727338
GME,2021-11-08 20:30:21,0.3228818181818182,2727339
GME,2021-11-08 20:40:15,0.30108392857142874,2727340
GME,2021-11-08 20:50:01,0.21541200000000005,2727341
GME,2021-11-08 21:00:18,0.4586589041095887,2727342
GME,2021-11-08 21:10:01,0.34097656250000014,2727343
GME,2021-11-08 21:20:02,0.3329041666666667,2727344
GME,2021-11-08 21:30:20,0.282213043478261,2727345
GME,2021-11-08 21:40:01,0.37420153846153825,2727346
GME,2021-11-08 21:50:00,0.2013323529411765,2727347
GME,2021-11-08 22:00:01,0.18761428571428576,2727348
GME,2021-11-08 22:10:19,0.06523571428571429,2727349
GME,2021-11-08 22:20:10,0.28429375000000007,2727350
GME,2021-11-08 22:30:04,0.2962423076923077,2727351
GME,2021-11-08 22:40:26,0.22393111111111116,2727352
GME,2021-11-08 22:50:17,0.1617755555555556,2727353
GME,2021-11-08 23:00:10,0.2935770833333335,2727354
GME,2021-11-08 23:10:06,0.2612930232558139,2727355
GME,2021-11-08 23:20:57,0.21565471698113212,2727356
GME,2021-11-08 23:30:15,0.10801162790697674,2727357
GME,2021-11-08 23:40:05,0.24600697674418615,2727358
GME,2021-11-08 23:50:21,0.22875000000000004,2727359
GME,2021-11-09 00:00:07,0.26038800000000006,2727360
GME,2021-11-09 00:10:23,0.11325,2727361
GME,2021-11-09 00:20:30,0.39921944444444446,2727362
GME,2021-11-09 00:30:19,0.2595727272727273,2727363
GME,2021-11-09 00:40:24,0.1788081632653061,2727364
GME,2021-11-09 00:50:27,0.28639444444444445,2727365
GME,2021-11-09 01:00:15,0.24837419354838716,2727366
GME,2021-11-09 01:10:06,0.18222,2727367
GME,2021-11-09 01:20:06,0.34261600000000003,2727368
GME,2021-11-09 01:30:04,0.12346764705882352,2727369
GME,2021-11-09 01:40:01,0.3193600000000001,2727370
GME,2021-11-09 01:50:01,0.17515749999999994,2727371
GME,2021-11-09 02:00:08,0.43034761904761903,2727372
GME,2021-11-09 02:10:03,0.09162631578947371,2727373
GME,2021-11-09 02:20:26,0.4376574468085106,2727374
GME,2021-11-09 02:30:02,0.41036792452830184,2727375
GME,2021-11-09 02:40:16,0.5356105882352941,2727376
GME,2021-11-09 02:50:02,0.3268063829787234,2727377
GME,2021-11-09 03:00:01,0.30170361445783106,2727378
GME,2021-11-09 03:10:02,0.4624276923076922,2727379
GME,2021-11-09 03:20:00,0.3010999999999999,2727380
GME,2021-11-09 03:30:03,0.3006622641509433,2727381
GME,2021-11-09 03:40:03,0.36221194029850734,2727382
GME,2021-11-09 03:50:03,0.27990161290322585,2727383
GME,2021-11-09 04:00:02,0.1823422222222222,2727384
GME,2021-11-09 04:10:15,0.3861243243243243,2727385
GME,2021-11-09 04:20:02,0.31074545454545455,2727386
GME,2021-11-09 04:30:07,0.2316820512820513,2727387
GME,2021-11-09 04:40:21,0.24143750000000003,2727388
GME,2021-11-09 04:50:08,0.37439523809523817,2727389
GME,2021-11-09 05:00:00,0.3002804878048781,2727390
GME,2021-11-09 05:10:07,0.5047800000000001,2727391
GME,2021-11-09 05:20:05,0.2727358974358975,2727392
GME,2021-11-09 05:30:08,0.2813634146341463,2727393
GME,2021-11-09 05:40:13,0.21690312500000006,2727394
GME,2021-11-09 05:50:06,0.19459032258064515,2727395
GME,2021-11-09 06:00:28,0.254396875,2727396
GME,2021-11-09 06:11:17,0.44815999999999995,2727397
GME,2021-11-09 06:20:08,0.43110384615384617,2727398
GME,2021-11-09 06:30:18,0.43338000000000015,2727399
GME,2021-11-09 06:40:01,0.3835227272727273,2727400
GME,2021-11-09 06:50:13,0.37431764705882353,2727401
GME,2021-11-09 07:00:11,0.258340625,2727402
GME,2021-11-09 07:10:04,0.4345470588235295,2727403
GME,2021-11-09 07:20:03,0.4790769230769231,2727404
GME,2021-11-09 07:30:17,0.3396578947368421,2727405
GME,2021-11-09 07:40:27,0.21489545454545456,2727406
GME,2021-11-09 07:50:19,0.35763157894736847,2727407
GME,2021-11-09 08:00:17,0.3768444444444445,2727408
GME,2021-11-09 08:10:31,0.30842777777777786,2727409
GME,2021-11-09 08:20:28,0.2730961538461539,2727410
GME,2021-11-09 08:30:19,0.3219619047619047,2727411
GME,2021-11-09 08:40:11,0.4168516129032259,2727412
GME,2021-11-09 08:50:09,0.25011600000000006,2727413
GME,2021-11-09 09:00:12,0.3150347826086957,2727414
GME,2021-11-09 09:10:54,0.3711421052631579,2727415
GME,2021-11-09 09:20:12,0.24236521739130437,2727416
GME,2021-11-09 09:30:23,0.46256666666666674,2727417
GME,2021-11-09 09:40:17,0.43505555555555553,2727418
GME,2021-11-09 09:50:05,0.41275714285714293,2727419
GME,2021-11-09 10:00:35,0.5009076923076926,2727420
GME,2021-11-09 10:10:12,0.3681000000000001,2727421
GME,2021-11-09 10:20:18,0.52335,2727422
GME,2021-11-09 10:30:36,0.23890384615384616,2727423
GME,2021-11-09 10:40:20,0.2653000000000001,2727424
GME,2021-11-09 10:50:01,0.47247916666666673,2727425
GME,2021-11-09 11:00:04,0.5058115384615386,2727426
GME,2021-11-09 11:10:28,0.3164208333333333,2727427
GME,2021-11-09 11:20:20,0.32704545454545464,2727428
GME,2021-11-09 11:30:46,0.010641935483870966,2727429
GME,2021-11-09 11:40:05,0.4367923076923077,2727430
GME,2021-11-09 11:51:02,0.2703738095238096,2727431
GME,2021-11-09 12:00:06,0.2764041666666666,2727432
GME,2021-11-09 12:10:18,0.40173750000000014,2727433
GME,2021-11-09 12:20:11,0.19412444444444452,2727434
GME,2021-11-09 12:30:03,0.38248372093023264,2727435
GME,2021-11-09 12:40:00,0.193455,2727436
GME,2021-11-09 12:50:08,0.1689928571428571,2727437
GME,2021-11-09 13:00:01,0.22713414634146342,2727438
GME,2021-11-09 13:10:45,0.3876048780487806,2727439
GME,2021-11-09 13:20:24,0.3631479166666666,2727440
GME,2021-11-09 13:30:07,0.314844642857143,2727441
GME,2021-11-09 13:40:04,0.4299018867924527,2727442
GME,2021-11-09 13:50:23,0.26877619047619056,2727443
GME,2021-11-09 14:00:02,0.304908,2727444
GME,2021-11-09 14:10:09,0.2639303030303031,2727445
GME,2021-11-09 14:20:18,0.46026142857142843,2727446
GME,2021-11-09 14:30:08,0.1646150943396226,2727447
GME,2021-11-09 14:40:03,0.23088873239436636,2727448
GME,2021-11-09 14:50:00,0.2024797468354431,2727449
GME,2021-11-09 15:00:02,0.2511565217391305,2727450
GME,2021-11-09 15:10:02,0.09957875000000005,2727451
GME,2021-11-09 15:20:02,0.12264395604395605,2727452
GME,2021-11-09 15:30:02,0.1750220338983051,2727453
GME,2021-11-09 15:40:12,0.23006969696969704,2727454
GME,2021-11-09 15:50:04,0.2759750000000001,2727455
GME,2021-11-09 16:00:02,0.24432545454545454,2727456
GME,2021-11-09 16:10:02,0.27313538461538456,2727457
GME,2021-11-09 16:20:15,0.3197323529411764,2727458
GME,2021-11-09 16:30:07,0.23997368421052628,2727459
GME,2021-11-09 16:40:08,0.2894571428571428,2727460
GME,2021-11-09 16:50:04,0.27959062499999987,2727461
GME,2021-11-09 17:00:01,0.31222022471910094,2727462
GME,2021-11-09 17:10:00,0.1573551724137931,2727463
GME,2021-11-09 17:20:03,0.20036470588235308,2727464
GME,2021-11-09 17:30:03,0.2663485294117645,2727465
GME,2021-11-09 17:40:02,0.3264323943661972,2727466
GME,2021-11-09 17:50:10,0.2623147727272727,2727467
GME,2021-11-09 18:00:01,0.146072463768116,2727468
GME,2021-11-09 18:10:07,0.15264107142857145,2727469
GME,2021-11-09 18:20:02,0.34470169491525415,2727470
GME,2021-11-09 18:30:18,0.20538955223880592,2727471
GME,2021-11-09 18:40:04,0.24343239436619724,2727472
GME,2021-11-09 18:50:00,0.35475909090909097,2727473
GME,2021-11-09 19:00:02,0.27177343749999994,2727474
GME,2021-11-09 19:10:00,0.20130588235294125,2727475
GME,2021-11-09 19:20:02,0.338190625,2727476
GME,2021-11-09 19:30:10,0.207509090909091,2727477
GME,2021-11-09 19:40:14,0.20485405405405405,2727478
GME,2021-11-09 19:50:03,0.295151923076923,2727479
GME,2021-11-09 20:00:03,0.27487164179104473,2727480
GME,2021-11-09 20:10:09,0.2628383333333334,2727481
GME,2021-11-09 20:20:06,0.2857242424242423,2727482
GME,2021-11-09 20:30:05,0.30035087719298237,2727483
GME,2021-11-09 20:40:11,0.3129132075471698,2727484
GME,2021-11-09 20:50:02,0.20729772727272724,2727485
GME,2021-11-09 21:00:15,0.3423810344827587,2727486
GME,2021-11-09 21:10:32,0.3127508474576271,2727487
GME,2021-11-09 21:20:04,0.23181800000000005,2727488
GME,2021-11-09 21:30:18,0.2853152542372882,2727489
GME,2021-11-09 21:40:00,0.19348813559322042,2727490
GME,2021-11-09 21:50:04,0.21827555555555556,2727491
GME,2021-11-09 22:00:00,0.2747156862745099,2727492
GME,2021-11-09 22:10:00,0.24059555555555556,2727493
GME,2021-11-09 22:20:18,0.18606590909090912,2727494
GME,2021-11-09 22:30:02,0.30001551724137937,2727495
GME,2021-11-09 22:41:12,0.25676078431372545,2727496
GME,2021-11-09 22:50:02,0.18179574468085105,2727497
GME,2021-11-09 23:00:02,0.35824130434782614,2727498
GME,2021-11-09 23:10:02,0.24049629629629632,2727499
GME,2021-11-09 23:20:09,0.1689677419354839,2727500
GME,2021-11-09 23:30:01,0.2688147058823529,2727501
GME,2021-11-09 23:40:02,0.5096620689655174,2727502
GME,2021-11-09 23:50:06,0.2960178571428573,2727503
GME,2021-11-10 00:00:07,0.34615588235294126,2727504
GME,2021-11-10 00:10:02,0.3059736842105264,2727505
GME,2021-11-10 00:20:09,0.35279791666666666,2727506
GME,2021-11-10 00:30:00,0.10776304347826081,2727507
GME,2021-11-10 00:40:02,0.20374888888888884,2727508
GME,2021-11-10 00:50:12,0.21665641025641022,2727509
GME,2021-11-10 01:00:01,0.34930384615384613,2727510
GME,2021-11-10 01:10:10,0.30261250000000006,2727511
GME,2021-11-10 01:20:09,0.4664578947368421,2727512
GME,2021-11-10 01:30:06,0.31526400000000004,2727513
GME,2021-11-10 01:40:00,0.2398488372093023,2727514
GME,2021-11-10 01:50:00,0.4322024390243902,2727515
GME,2021-11-10 02:00:00,0.4087190476190476,2727516
GME,2021-11-10 02:10:01,0.15885714285714286,2727517
GME,2021-11-10 02:20:08,0.1782904761904762,2727518
GME,2021-11-10 02:30:04,0.45349399999999995,2727519
GME,2021-11-10 02:40:37,0.21806341463414639,2727520
GME,2021-11-10 02:50:31,0.38100333333333336,2727521
GME,2021-11-10 03:00:01,0.3686620689655172,2727522
GME,2021-11-10 03:10:24,0.4028325581395349,2727523
GME,2021-11-10 03:20:03,0.2947535714285715,2727524
GME,2021-11-10 03:30:08,0.13258571428571428,2727525
GME,2021-11-10 03:40:23,0.3597625000000001,2727526
GME,2021-11-10 03:50:01,0.22962631578947368,2727527
GME,2021-11-10 04:00:12,0.3111935483870968,2727528
GME,2021-11-10 04:10:29,0.2029571428571429,2727529
GME,2021-11-10 04:20:08,0.12902727272727274,2727530
GME,2021-11-10 04:30:06,0.2949125,2727531
GME,2021-11-10 04:40:02,0.46503103448275857,2727532
GME,2021-11-10 04:50:21,0.285225925925926,2727533
GME,2021-11-10 05:00:04,0.27943793103448283,2727534
GME,2021-11-10 05:11:18,0.21701739130434788,2727535
GME,2021-11-10 05:20:04,0.27517727272727277,2727536
GME,2021-11-10 05:30:02,0.39157812500000005,2727537
GME,2021-11-10 05:40:02,0.2238960000000001,2727538
GME,2021-11-10 05:50:11,0.4725222222222223,2727539
GME,2021-11-10 06:00:04,0.15884444444444445,2727540
GME,2021-11-10 06:10:13,0.36385217391304353,2727541
GME,2021-11-10 06:21:53,0.2713083333333333,2727542
GME,2021-11-10 06:30:02,0.26514,2727543
GME,2021-11-10 06:40:17,0.28077,2727544
GME,2021-11-10 06:50:03,0.3630882352941176,2727545
GME,2021-11-10 07:00:14,0.2174352941176471,2727546
GME,2021-11-10 07:10:09,0.30798,2727547
GME,2021-11-10 07:20:20,0.29332,2727548
GME,2021-11-10 07:30:13,0.04556666666666666,2727549
GME,2021-11-10 07:41:07,0.20959166666666665,2727550
GME,2021-11-10 07:50:13,0.2507,2727551
GME,2021-11-10 08:00:07,0.3744230769230769,2727552
GME,2021-11-10 08:10:17,0.15758,2727553
GME,2021-11-10 08:20:09,0.1721666666666667,2727554
GME,2021-11-10 08:30:03,0.3762000000000001,2727555
GME,2021-11-10 08:40:27,-0.07095384615384616,2727556
GME,2021-11-10 08:50:50,0.16960999999999998,2727557
GME,2021-11-10 09:00:34,0.32239375,2727558
GME,2021-11-10 09:10:14,0.3323555555555556,2727559
GME,2021-11-10 09:20:30,0.37554375000000007,2727560
GME,2021-11-10 09:30:10,-0.1571357142857143,2727561
GME,2021-11-10 09:40:07,0.36685882352941174,2727562
GME,2021-11-10 09:50:27,0.26598750000000004,2727563
GME,2021-11-10 10:00:05,0.3122368421052633,2727564
GME,2021-11-10 10:10:55,0.28400714285714285,2727565
GME,2021-11-10 10:20:12,0.6168473684210527,2727566
GME,2021-11-10 10:30:17,0.32797727272727273,2727567
GME,2021-11-10 10:40:08,0.2967041666666667,2727568
GME,2021-11-10 10:50:05,0.17359166666666673,2727569
GME,2021-11-10 11:00:01,0.33795263157894745,2727570
GME,2021-11-10 11:10:06,0.3626733333333333,2727571
GME,2021-11-10 11:20:44,0.07796785714285714,2727572
GME,2021-11-10 11:30:02,0.382696551724138,2727573
GME,2021-11-10 11:40:15,0.2366461538461538,2727574
GME,2021-11-10 11:50:33,0.20909062500000003,2727575
GME,2021-11-10 12:00:56,-0.13712777777777774,2727576
GME,2021-11-10 12:10:36,0.18870833333333337,2727577
GME,2021-11-10 12:20:01,0.08732592592592593,2727578
GME,2021-11-10 12:30:00,0.37893333333333334,2727579
GME,2021-11-10 12:40:23,0.08994687500000005,2727580
GME,2021-11-10 12:50:03,0.22003095238095233,2727581
GME,2021-11-10 13:00:19,0.41086857142857147,2727582
GME,2021-11-10 13:10:13,0.27037714285714287,2727583
GME,2021-11-10 13:20:57,0.384805,2727584
GME,2021-11-10 13:30:12,0.3262423728813558,2727585
GME,2021-11-10 13:40:01,0.3913835616438355,2727586
GME,2021-11-10 13:50:03,0.19223389830508472,2727587
GME,2021-11-10 14:00:02,0.3131909090909092,2727588
GME,2021-11-10 14:10:20,0.1700081632653061,2727589
GME,2021-11-10 14:20:05,0.29606,2727590
GME,2021-11-10 14:30:19,0.2132954022988505,2727591
GME,2021-11-10 14:40:10,0.19779622641509434,2727592
GME,2021-11-10 14:50:09,0.1933761194029851,2727593
GME,2021-11-10 15:00:08,0.19034590163934426,2727594
GME,2021-11-10 15:10:01,0.2966611111111112,2727595
GME,2021-11-10 15:20:04,0.1316032786885246,2727596
GME,2021-11-10 15:30:07,0.27116056338028166,2727597
GME,2021-11-10 15:40:03,0.2011178571428571,2727598
GME,2021-11-10 15:50:14,0.2801478260869565,2727599
GME,2021-11-10 16:00:09,0.2221928571428571,2727600
GME,2021-11-10 16:10:03,0.3042686567164179,2727601
GME,2021-11-10 16:20:25,0.26235694444444446,2727602
GME,2021-11-10 16:30:04,0.39844705882352943,2727603
GME,2021-11-10 16:40:02,0.3994239436619719,2727604
GME,2021-11-10 16:50:00,0.36276842105263146,2727605
GME,2021-11-10 17:00:00,0.2652803030303032,2727606
GME,2021-11-10 17:10:02,0.2936805970149254,2727607
GME,2021-11-10 17:20:25,0.30153636363636366,2727608
GME,2021-11-10 17:30:11,0.20915555555555554,2727609
GME,2021-11-10 17:40:01,0.3753029850746266,2727610
GME,2021-11-10 17:50:14,0.2971000000000001,2727611
GME,2021-11-10 18:00:01,0.3155136363636364,2727612
GME,2021-11-10 18:10:24,0.20749074074074075,2727613
GME,2021-11-10 18:20:02,0.26393200000000006,2727614
GME,2021-11-10 18:30:09,0.20256379310344827,2727615
GME,2021-11-10 18:40:02,0.18852533333333332,2727616
GME,2021-11-10 18:50:03,0.39481066666666664,2727617
GME,2021-11-10 19:00:00,0.3193333333333333,2727618
GME,2021-11-10 19:10:02,0.05012812500000001,2727619
